Rk,Name,Team,Age,Pos,GP,G,A,P,PIM,+/-,TOI,ES,PP,SH,ESG,PPG,SHG,GWG,OTG,ESA,PPA,SHA,GWA,OTA,ESP,PPP,SHP,GWP,OTP,PPP%,G/60,A/60,P/60,ESG/60,ESA/60,ESP/60,PPG/60,PPA/60,PPP/60,G/GP,A/GP,P/GP,SHOTS,SH%,HITS,BS,FOW,FOL,FO%,Unnamed: 0,start_year,team_id,team_name,id,primary_number,birth_date,current_age,birth_city,birth_state_province,birth_country,nationality,height,weight,active,alternate_captain,captain,rookie,shoots_catches,roster_status,position_name,position_type,position_abbreviation
16,Alexander Ovechkin,WSH,36,F,77,50,40,90,18,8.0,20:34,15:48,4:45,0:00,33,16,1,5,0,27.0,13.0,0.0,8.0,0.0,60.0,29.0,1.0,13,0,32.2%,1.894,1.515,3.409,1.627,1.331,2.958,2.62,2.129,4.75,0.649,0.519,1.169,334.0,15.0%,155.0,25.0,4.0,9.0,30.77%,,,,,,,,,,,,,,,,,,,,,,,
56,Kristopher Letang,PIT,34,D,78,10,58,68,49,20.0,25:46,20:52,3:28,1:25,8,2,0,3,2,38.0,20.0,0.0,10.0,2.0,46.0,22.0,0.0,13,4,32.4%,0.298,1.731,2.029,0.295,1.4,1.695,0.442,4.419,4.861,0.128,0.744,0.872,214.0,4.7%,171.0,122.0,0.0,0.0,0.00%,,,,,,,,,,,,,,,,,,,,,,,
58,Quinton Hughes,VAN,22,D,76,8,60,68,28,10.0,25:14,20:33,3:28,1:12,8,0,0,1,1,27.0,31.0,2.0,10.0,2.0,35.0,31.0,2.0,11,3,45.6%,0.25,1.876,2.126,0.307,1.037,1.344,0.0,7.03,7.03,0.105,0.789,0.895,150.0,5.3%,19.0,56.0,0.0,0.0,0.00%,,,,,,,,,,,,,,,,,,,,,,,
65,Teuvo Teräväinen,CAR,27,F,77,22,43,65,24,22.0,17:41,13:09,2:56,1:35,11,9,2,2,0,20.0,22.0,1.0,10.0,2.0,31.0,31.0,3.0,12,2,47.7%,0.969,1.893,2.862,0.651,1.184,1.835,2.384,5.827,8.21,0.286,0.558,0.844,202.0,10.9%,15.0,30.0,24.0,20.0,54.55%,,,,,,,,,,,,,,,,,,,,,,,
75,Jakub Vorácek,CBJ,32,F,79,6,56,62,44,-13.0,17:27,14:13,3:12,0:01,4,2,0,2,1,33.0,23.0,0.0,9.0,3.0,37.0,25.0,0.0,11,4,40.3%,0.261,2.437,2.698,0.214,1.762,1.976,0.474,5.446,5.919,0.076,0.709,0.785,147.0,4.1%,27.0,28.0,5.0,28.0,15.15%,,,,,,,,,,,,,,,,,,,,,,,
78,Nicholas Suzuki,MTL,22,F,82,21,40,61,30,-29.0,20:30,15:54,3:05,1:30,12,8,1,4,0,26.0,12.0,2.0,1.0,0.0,38.0,20.0,3.0,5,0,32.8%,0.749,1.427,2.177,0.552,1.196,1.748,1.894,2.841,4.735,0.256,0.488,0.744,186.0,11.3%,89.0,62.0,699.0,711.0,49.57%,,,,,,,,,,,,,,,,,,,,,,,
97,Lucas Raymond,DET,19,F,82,23,34,57,16,-32.0,18:09,15:20,2:47,0:01,18,5,0,2,2,21.0,13.0,0.0,5.0,2.0,39.0,18.0,0.0,7,4,31.6%,0.927,1.37,2.297,0.859,1.002,1.86,1.308,3.401,4.709,0.28,0.415,0.695,184.0,12.5%,62.0,24.0,12.0,19.0,38.71%,,,,,,,,,,,,,,,,,,,,,,,
104,Joshua Norris,OTT,22,F,66,35,20,55,16,-7.0,18:34,14:46,3:13,0:34,19,16,0,8,1,13.0,7.0,0.0,1.0,0.0,32.0,23.0,0.0,9,1,41.8%,1.713,0.979,2.691,1.169,0.8,1.969,4.5,1.969,6.468,0.53,0.303,0.833,172.0,20.4%,79.0,44.0,529.0,507.0,51.06%,,,,,,,,,,,,,,,,,,,,,,,
127,Anthony DeAngelo,CAR,26,D,64,10,41,51,56,30.0,19:48,16:37,3:02,0:08,8,2,0,2,0,23.0,18.0,0.0,7.0,2.0,31.0,20.0,0.0,9,2,39.2%,0.473,1.941,2.414,0.451,1.297,1.749,0.616,5.54,6.155,0.156,0.641,0.797,151.0,6.6%,41.0,59.0,0.0,0.0,0.00%,,,,,,,,,,,,,,,,,,,,,,,
132,Moritz Seider,DET,20,D,82,7,43,50,34,-9.0,23:02,18:15,2:53,1:53,5,2,0,4,2,22.0,19.0,2.0,6.0,2.0,27.0,21.0,2.0,10,4,42.0%,0.222,1.366,1.588,0.2,0.881,1.082,0.506,4.81,5.316,0.085,0.524,0.61,187.0,3.7%,151.0,161.0,0.0,0.0,0.00%,,,,,,,,,,,,,,,,,,,,,,,
145,Zachary Werenski,CBJ,24,D,68,11,37,48,22,-15.0,25:39,20:53,3:13,1:33,7,4,0,2,0,26.0,10.0,1.0,7.0,5.0,33.0,14.0,1.0,9,5,29.2%,0.378,1.272,1.65,0.296,1.098,1.394,1.096,2.741,3.837,0.162,0.544,0.706,216.0,5.1%,33.0,95.0,0.0,0.0,0.00%,,,,,,,,,,,,,,,,,,,,,,,
163,Anton Lundell,FLA,20,F,65,18,26,44,18,33.0,15:44,12:40,0:41,2:22,16,1,1,4,0,20.0,3.0,3.0,1.0,0.0,36.0,4.0,4.0,5,0,9.1%,1.056,1.525,2.581,1.165,1.456,2.621,1.347,4.042,5.389,0.277,0.4,0.677,125.0,14.4%,26.0,56.0,334.0,414.0,44.65%,,,,,,,,,,,,,,,,,,,,,,,
167,Joshua Bailey,NYI,32,F,74,14,30,44,6,-7.0,16:53,14:15,1:32,1:05,12,2,0,1,0,21.0,9.0,0.0,7.0,0.0,33.0,11.0,0.0,8,0,25.0%,0.672,1.44,2.112,0.683,1.194,1.877,1.049,4.721,5.77,0.189,0.405,0.595,87.0,16.1%,19.0,26.0,43.0,67.0,39.09%,,,,,,,,,,,,,,,,,,,,,,,
170,Mackenzie Weegar,FLA,27,D,80,8,36,44,81,40.0,23:22,19:56,0:39,2:46,6,1,1,2,0,33.0,2.0,1.0,3.0,3.0,39.0,3.0,2.0,5,3,6.8%,0.257,1.155,1.412,0.226,1.241,1.467,1.132,2.263,3.395,0.1,0.45,0.55,203.0,3.9%,179.0,156.0,0.0,0.0,0.00%,,,,,,,,,,,,,,,,,,,,,,,
172,Evgeny Dadonov,VGK,32,F,78,20,23,43,18,4.0,15:48,13:25,2:22,0:00,15,5,0,4,2,20.0,3.0,0.0,4.0,1.0,35.0,8.0,0.0,8,3,18.6%,0.974,1.12,2.093,0.859,1.146,2.005,1.617,0.97,2.586,0.256,0.295,0.551,177.0,11.3%,65.0,25.0,1.0,4.0,20.00%,,,,,,,,,,,,,,,,,,,,,,,
182,Dawson Mercer,NJD,20,F,82,17,25,42,28,-25.0,16:32,14:21,1:53,0:18,14,2,1,2,0,21.0,3.0,1.0,1.0,0.0,35.0,5.0,2.0,3,0,11.9%,0.752,1.106,1.858,0.714,1.07,1.784,0.777,1.165,1.941,0.207,0.305,0.512,154.0,11.0%,26.0,35.0,209.0,381.0,35.42%,,,,,,,,,,,,,,,,,,,,,,,
190,Seth Jarvis,CAR,19,F,68,17,23,40,18,11.0,13:52,12:30,1:21,0:00,15,2,0,4,1,19.0,4.0,0.0,6.0,0.0,34.0,6.0,0.0,10,1,15.0%,1.081,1.463,2.544,1.058,1.34,2.398,1.302,2.604,3.907,0.25,0.338,0.588,110.0,15.5%,69.0,21.0,11.0,14.0,44.00%,,,,,,,,,,,,,,,,,,,,,,,
210,Mikhail Sergachyov,TBL,23,D,78,7,31,38,59,6.0,22:28,18:51,1:31,2:05,6,1,0,1,0,24.0,6.0,1.0,8.0,2.0,30.0,7.0,1.0,9,2,18.4%,0.24,1.061,1.301,0.245,0.979,1.224,0.506,3.033,3.539,0.09,0.397,0.487,149.0,4.7%,139.0,123.0,0.0,0.0,0.00%,,,,,,,,,,,,,,,,,,,,,,,
217,Alexander Wennberg,SEA,27,F,80,11,26,37,28,-26.0,17:50,14:59,2:04,0:46,9,2,0,2,0,21.0,4.0,1.0,6.0,1.0,30.0,6.0,1.0,8,1,16.2%,0.462,1.093,1.555,0.45,1.051,1.502,0.724,1.447,2.171,0.138,0.325,0.463,95.0,11.6%,47.0,44.0,555.0,635.0,46.64%,,,,,,,,,,,,,,,,,,,,,,,
225,Jesse Puljujärvi,EDM,23,F,65,14,22,36,20,22.0,16:13,14:45,1:28,0:00,10,4,0,1,0,19.0,3.0,0.0,1.0,0.0,29.0,7.0,0.0,2,0,19.4%,0.796,1.251,2.048,0.626,1.189,1.814,2.515,1.886,4.401,0.215,0.338,0.554,160.0,8.8%,81.0,15.0,0.0,0.0,0.00%,,,,,,,,,,,,,,,,,,,,,,,
231,Andreas Johnson,NJD,27,F,71,13,22,35,30,4.0,14:21,13:12,1:04,0:04,12,1,0,0,0,22.0,0.0,0.0,2.0,0.0,34.0,1.0,0.0,2,0,2.9%,0.765,1.294,2.059,0.768,1.407,2.175,0.79,0.0,0.79,0.183,0.31,0.493,114.0,11.4%,64.0,22.0,4.0,10.0,28.57%,,,,,,,,,,,,,,,,,,,,,,,
269,Cole Sillinger,CBJ,18,F,79,16,15,31,37,-22.0,13:41,12:24,0:51,0:25,16,0,0,3,0,13.0,2.0,0.0,1.0,1.0,29.0,2.0,0.0,4,1,6.5%,0.887,0.832,1.719,0.979,0.795,1.774,0.0,1.782,1.782,0.203,0.19,0.392,148.0,10.8%,98.0,43.0,362.0,417.0,46.47%,,,,,,,,,,,,,,,,,,,,,,,
272,Denis Guryanov,DAL,24,F,73,11,20,31,16,2.0,14:11,12:12,1:58,0:00,7,4,0,2,1,17.0,3.0,0.0,2.0,0.0,24.0,7.0,0.0,4,1,22.6%,0.637,1.159,1.796,0.471,1.144,1.615,1.669,1.252,2.921,0.151,0.274,0.425,144.0,7.6%,67.0,32.0,0.0,0.0,0.00%,,,,,,,,,,,,,,,,,,,,,,,
273,Michael Matheson,PIT,27,D,74,11,20,31,33,12.0,18:47,17:50,0:42,0:14,11,0,0,5,0,18.0,2.0,0.0,3.0,0.0,29.0,2.0,0.0,8,0,6.5%,0.474,0.863,1.337,0.5,0.818,1.317,0.0,2.284,2.284,0.149,0.27,0.419,140.0,7.9%,97.0,81.0,0.0,0.0,0.00%,,,,,,,,,,,,,,,,,,,,,,,
279,Nicklas Bäckström,WSH,34,F,47,6,25,31,12,-8.0,17:29,13:42,3:40,0:06,5,1,0,1,1,12.0,13.0,0.0,4.0,0.0,17.0,14.0,0.0,5,1,45.2%,0.438,1.825,2.263,0.466,1.117,1.583,0.348,4.52,4.867,0.128,0.532,0.66,68.0,8.8%,16.0,16.0,301.0,348.0,46.38%,,,,,,,,,,,,,,,,,,,,,,,
285,Calle Järnkrok,CGY,30,F,66,12,18,30,6,-14.0,16:02,13:01,1:54,1:06,10,2,0,1,0,14.0,4.0,0.0,3.0,1.0,24.0,6.0,0.0,4,1,20.0%,0.68,1.02,1.701,0.698,0.977,1.675,0.952,1.904,2.856,0.182,0.273,0.455,101.0,11.9%,38.0,17.0,239.0,228.0,51.18%,,,,,,,,,,,,,,,,,,,,,,,
293,Isac Lundeström,ANA,22,F,80,16,13,29,8,-3.0,15:29,13:08,0:26,1:54,12,0,4,3,0,13.0,0.0,0.0,2.0,0.0,25.0,0.0,4.0,5,0,0.0%,0.775,0.63,1.405,0.685,0.742,1.427,0.0,0.0,0.0,0.2,0.163,0.363,83.0,19.3%,38.0,55.0,391.0,488.0,44.48%,,,,,,,,,,,,,,,,,,,,,,,
299,Patric Hörnqvist,FLA,34,F,65,11,17,28,19,-5.0,12:40,10:33,2:06,0:00,8,3,0,0,0,13.0,4.0,0.0,3.0,0.0,21.0,7.0,0.0,3,0,25.0%,0.801,1.239,2.04,0.7,1.137,1.837,1.31,1.746,3.056,0.169,0.262,0.431,165.0,6.7%,112.0,23.0,8.0,13.0,38.10%,,,,,,,,,,,,,,,,,,,,,,,
301,Teodors Blueger,PIT,27,F,65,9,19,28,10,12.0,15:01,12:41,0:04,2:14,8,0,1,0,0,18.0,0.0,1.0,0.0,0.0,26.0,0.0,2.0,0,0,0.0%,0.553,1.168,1.721,0.582,1.309,1.891,0.0,0.0,0.0,0.138,0.292,0.431,93.0,9.7%,87.0,32.0,357.0,315.0,53.13%,,,,,,,,,,,,,,,,,,,,,,,
308,T.J. Brodie,TOR,31,D,82,4,24,28,34,20.0,21:18,18:51,0:10,2:16,4,0,0,0,0,21.0,1.0,2.0,5.0,1.0,25.0,1.0,2.0,5,1,3.6%,0.137,0.824,0.961,0.155,0.815,0.97,0.0,4.128,4.128,0.049,0.293,0.341,68.0,5.9%,53.0,106.0,0.0,0.0,0.00%,,,,,,,,,,,,,,,,,,,,,,,
312,Arthur Kaliyev,LAK,20,F,80,14,13,27,37,-3.0,12:38,10:42,1:56,0:00,8,6,0,2,0,10.0,3.0,0.0,4.0,0.0,18.0,9.0,0.0,6,0,33.3%,0.83,0.771,1.601,0.56,0.7,1.26,2.327,1.163,3.49,0.175,0.163,0.338,194.0,7.2%,31.0,12.0,0.0,0.0,0.00%,,,,,,,,,,,,,,,,,,,,,,,
313,Patrick Maroon,TBL,33,F,81,11,16,27,134,20.0,12:23,11:05,1:17,0:00,8,3,0,0,0,13.0,3.0,0.0,4.0,0.0,21.0,6.0,0.0,4,0,22.2%,0.657,0.956,1.613,0.534,0.868,1.402,1.714,1.714,3.429,0.136,0.198,0.333,102.0,10.8%,160.0,11.0,15.0,15.0,50.00%,,,,,,,,,,,,,,,,,,,,,,,
317,Mathew Dumba,MIN,27,D,57,7,20,27,47,9.0,23:05,19:19,1:44,2:01,6,1,0,1,0,16.0,4.0,0.0,4.0,0.0,22.0,5.0,0.0,5,0,18.5%,0.319,0.912,1.231,0.327,0.871,1.198,0.604,2.417,3.021,0.123,0.351,0.474,116.0,6.0%,114.0,84.0,0.0,0.0,0.00%,,,,,,,,,,,,,,,,,,,,,,,
320,Chris Wideman,MTL,31,D,64,4,23,27,67,-25.0,14:52,12:20,2:29,0:02,4,0,0,1,0,11.0,12.0,0.0,2.0,0.0,15.0,12.0,0.0,3,0,44.4%,0.252,1.449,1.702,0.304,0.835,1.139,0.0,4.53,4.53,0.063,0.359,0.422,76.0,5.3%,44.0,46.0,0.0,0.0,0.00%,,,,,,,,,,,,,,,,,,,,,,,
321,Sean Durzi,LAK,23,D,64,3,24,27,55,-9.0,19:35,15:52,2:28,1:15,1,2,0,0,0,10.0,13.0,1.0,3.0,1.0,11.0,15.0,1.0,3,1,55.6%,0.144,1.148,1.292,0.059,0.591,0.65,0.758,4.925,5.683,0.047,0.375,0.422,119.0,2.5%,74.0,121.0,0.0,0.0,0.00%,,,,,,,,,,,,,,,,,,,,,,,
324,Vasili Podkolzin,VAN,20,F,79,14,12,26,26,7.0,12:47,12:04,0:38,0:04,12,2,0,3,0,11.0,1.0,0.0,2.0,0.0,23.0,3.0,0.0,5,0,11.5%,0.831,0.712,1.544,0.755,0.692,1.447,2.347,1.173,3.52,0.177,0.152,0.329,115.0,12.2%,84.0,33.0,8.0,11.0,42.11%,,,,,,,,,,,,,,,,,,,,,,,
327,David Kämpf,TOR,26,F,82,11,15,26,20,12.0,15:15,12:42,0:04,2:29,9,0,2,1,0,13.0,0.0,2.0,2.0,0.0,22.0,0.0,4.0,3,0,0.0%,0.527,0.719,1.246,0.518,0.749,1.267,0.0,0.0,0.0,0.134,0.183,0.317,102.0,10.8%,80.0,26.0,616.0,549.0,52.88%,,,,,,,,,,,,,,,,,,,,,,,
333,Vince Hinostroza,BUF,27,F,62,13,12,25,24,-11.0,13:52,13:18,0:10,0:24,12,1,0,2,0,12.0,0.0,0.0,2.0,0.0,24.0,1.0,0.0,4,0,4.0%,0.907,0.837,1.744,0.872,0.872,1.745,5.341,0.0,5.341,0.21,0.194,0.403,92.0,14.1%,25.0,13.0,12.0,16.0,42.86%,,,,,,,,,,,,,,,,,,,,,,,
336,Mattias Janmark-Nylén,VGK,29,F,67,9,16,25,21,3.0,14:20,12:37,0:31,1:10,7,0,2,1,0,15.0,0.0,1.0,3.0,0.0,22.0,0.0,3.0,4,0,0.0%,0.562,0.999,1.561,0.496,1.064,1.56,0.0,0.0,0.0,0.134,0.239,0.373,89.0,10.1%,19.0,28.0,11.0,16.0,40.74%,,,,,,,,,,,,,,,,,,,,,,,
344,Barrett Hayton,ARI,21,F,60,10,14,24,20,-8.0,16:07,13:06,1:32,1:27,8,2,0,1,0,11.0,3.0,0.0,3.0,1.0,19.0,5.0,0.0,4,1,20.8%,0.62,0.869,1.489,0.61,0.839,1.449,1.3,1.95,3.25,0.167,0.233,0.4,82.0,12.2%,84.0,33.0,415.0,447.0,48.14%,,,,,,,,,,,,,,,,,,,,,,,
352,Dmitri Kulikov,MIN,31,D,80,7,17,24,39,23.0,18:11,16:05,0:09,1:56,7,0,0,2,1,17.0,0.0,0.0,3.0,0.0,24.0,0.0,0.0,5,1,0.0%,0.289,0.701,0.989,0.326,0.792,1.118,0.0,0.0,0.0,0.088,0.213,0.3,74.0,9.5%,100.0,103.0,0.0,0.0,0.00%,,,,,,,,,,,,,,,,,,,,,,,
363,Oscar Sundqvist,DET,27,F,59,8,15,23,29,5.0,13:59,11:40,0:32,1:47,8,0,0,1,0,15.0,0.0,0.0,2.0,0.0,23.0,0.0,0.0,3,0,0.0%,0.581,1.09,1.671,0.697,1.307,2.004,0.0,0.0,0.0,0.136,0.254,0.39,70.0,11.4%,70.0,29.0,75.0,107.0,41.21%,,,,,,,,,,,,,,,,,,,,,,,
366,Anton Strålman,ARI,35,D,74,8,15,23,12,-16.0,21:20,18:16,0:08,2:56,8,0,0,1,0,15.0,0.0,0.0,3.0,0.0,23.0,0.0,0.0,4,0,0.0%,0.304,0.57,0.874,0.355,0.666,1.021,0.0,0.0,0.0,0.108,0.203,0.311,95.0,8.4%,99.0,100.0,0.0,0.0,0.00%,,,,,,,,,,,,,,,,,,,,,,,
367,Timothy Liljegren,TOR,22,D,61,5,18,23,14,15.0,16:24,15:02,0:17,1:03,4,1,0,0,0,17.0,1.0,0.0,0.0,0.0,21.0,2.0,0.0,0,0,8.7%,0.3,1.079,1.379,0.261,1.111,1.373,3.39,3.39,6.78,0.082,0.295,0.377,79.0,6.3%,87.0,60.0,0.0,0.0,0.00%,,,,,,,,,,,,,,,,,,,,,,,
372,Jonathan Dahlen,SJS,24,F,61,12,10,22,12,-25.0,13:47,11:59,1:47,0:01,9,3,0,2,0,6.0,4.0,0.0,1.0,1.0,15.0,7.0,0.0,3,1,31.8%,0.856,0.713,1.569,0.739,0.492,1.231,1.653,2.204,3.857,0.197,0.164,0.361,105.0,11.4%,16.0,34.0,0.0,1.0,0.00%,,,,,,,,,,,,,,,,,,,,,,,
375,Taylor Raddysh,CHI,23,F,74,11,11,22,10,1.0,12:20,10:34,1:16,0:28,7,3,1,1,0,10.0,1.0,0.0,2.0,0.0,17.0,4.0,1.0,3,0,18.2%,0.723,0.723,1.446,0.536,0.766,1.303,1.902,0.634,2.537,0.149,0.149,0.297,104.0,10.6%,103.0,21.0,6.0,10.0,37.50%,,,,,,,,,,,,,,,,,,,,,,,
379,Peyton Krebs,BUF,20,F,57,7,15,22,22,-26.0,14:35,12:22,2:04,0:06,7,0,0,2,0,5.0,10.0,0.0,3.0,0.0,12.0,10.0,0.0,5,0,45.5%,0.505,1.082,1.587,0.596,0.425,1.021,0.0,5.076,5.076,0.123,0.263,0.386,56.0,12.5%,25.0,8.0,61.0,112.0,35.26%,,,,,,,,,,,,,,,,,,,,,,,
381,Artyom Zub,OTT,26,D,81,6,16,22,60,1.0,21:02,18:54,0:15,1:51,6,0,0,0,0,16.0,0.0,0.0,0.0,0.0,22.0,0.0,0.0,0,0,0.0%,0.211,0.563,0.775,0.235,0.627,0.862,0.0,0.0,0.0,0.074,0.198,0.272,92.0,6.5%,155.0,124.0,0.0,0.0,0.00%,,,,,,,,,,,,,,,,,,,,,,,
388,Brian Boyle,PIT,37,F,66,11,10,21,27,6.0,10:47,8:49,0:04,1:53,10,0,1,1,0,10.0,0.0,0.0,2.0,0.0,20.0,0.0,1.0,3,0,0.0%,0.927,0.843,1.769,1.03,1.03,2.061,0.0,0.0,0.0,0.167,0.152,0.318,87.0,12.6%,95.0,39.0,165.0,200.0,45.21%,,,,,,,,,,,,,,,,,,,,,,,
394,Zachary Sanford,WPG,27,F,80,9,12,21,50,-15.0,14:17,12:33,1:17,0:26,8,1,0,0,0,10.0,2.0,0.0,4.0,0.0,18.0,3.0,0.0,4,0,14.3%,0.472,0.629,1.101,0.478,0.597,1.075,0.58,1.159,1.739,0.113,0.15,0.263,104.0,8.7%,169.0,67.0,5.0,17.0,22.73%,,,,,,,,,,,,,,,,,,,,,,,
417,Michael Mcleod,NJD,23,F,77,6,14,20,52,-13.0,13:19,11:06,0:11,2:01,6,0,0,0,0,13.0,0.0,1.0,0.0,0.0,19.0,0.0,1.0,0,0,0.0%,0.351,0.819,1.169,0.421,0.912,1.333,0.0,0.0,0.0,0.078,0.182,0.26,78.0,7.7%,145.0,34.0,604.0,451.0,57.25%,,,,,,,,,,,,,,,,,,,,,,,
435,Loui Eriksson,ARI,36,F,73,3,16,19,6,-18.0,12:55,11:25,0:12,1:17,2,0,1,0,0,15.0,1.0,0.0,4.0,0.0,17.0,1.0,1.0,4,0,5.3%,0.191,1.018,1.209,0.144,1.079,1.223,0.0,4.063,4.063,0.041,0.219,0.26,81.0,3.7%,17.0,23.0,20.0,16.0,55.56%,,,,,,,,,,,,,,,,,,,,,,,
440,Mike Amadio,VGK,25,F,56,11,7,18,15,1.0,12:09,11:55,0:03,0:10,11,0,0,2,0,7.0,0.0,0.0,0.0,0.0,18.0,0.0,0.0,2,0,0.0%,0.969,0.617,1.586,0.988,0.629,1.617,0.0,0.0,0.0,0.196,0.125,0.321,64.0,17.2%,42.0,16.0,30.0,42.0,41.67%,,,,,,,,,,,,,,,,,,,,,,,
442,Nils Höglander,VAN,21,F,60,10,8,18,24,-7.0,13:06,12:05,0:59,0:00,9,1,0,0,0,6.0,2.0,0.0,0.0,0.0,15.0,3.0,0.0,0,0,16.7%,0.763,0.61,1.373,0.745,0.497,1.241,1.012,2.024,3.035,0.167,0.133,0.3,132.0,7.6%,41.0,16.0,0.0,1.0,0.00%,,,,,,,,,,,,,,,,,,,,,,,
444,Connor McMichael,WSH,20,F,68,9,9,18,10,-3.0,10:28,10:22,0:05,0:00,9,0,0,0,0,9.0,0.0,0.0,1.0,0.0,18.0,0.0,0.0,1,0,0.0%,0.759,0.759,1.517,0.766,0.766,1.532,0.0,0.0,0.0,0.132,0.132,0.265,105.0,8.6%,46.0,22.0,148.0,197.0,42.90%,,,,,,,,,,,,,,,,,,,,,,,
455,Jacob Peterson,DAL,22,F,65,12,5,17,12,-1.0,11:03,10:21,0:42,0:00,12,0,0,5,0,4.0,1.0,0.0,1.0,0.0,16.0,1.0,0.0,6,0,5.9%,1.001,0.417,1.418,1.07,0.357,1.427,0.0,1.309,1.309,0.185,0.077,0.262,85.0,14.1%,22.0,23.0,59.0,56.0,51.30%,,,,,,,,,,,,,,,,,,,,,,,
457,Ryan Poehling,MTL,22,F,57,9,8,17,6,-21.0,12:11,10:35,1:21,0:14,7,2,0,1,0,8.0,0.0,0.0,0.0,0.0,15.0,2.0,0.0,1,0,11.8%,0.777,0.691,1.467,0.696,0.795,1.49,1.543,0.0,1.543,0.158,0.14,0.298,91.0,9.9%,40.0,28.0,227.0,262.0,46.42%,,,,,,,,,,,,,,,,,,,,,,,
459,Martin Fehervary,WSH,22,D,79,8,9,17,26,15.0,19:39,17:50,0:02,1:46,7,0,1,2,0,8.0,0.0,1.0,1.0,0.0,15.0,0.0,2.0,3,0,0.0%,0.309,0.348,0.657,0.298,0.341,0.639,0.0,0.0,0.0,0.101,0.114,0.215,96.0,8.3%,251.0,117.0,0.0,0.0,0.00%,,,,,,,,,,,,,,,,,,,,,,,
462,Matthew Nieto,SJS,29,F,70,6,11,17,19,-20.0,14:24,12:35,0:04,1:45,6,0,0,0,0,11.0,0.0,0.0,1.0,0.0,17.0,0.0,0.0,1,0,0.0%,0.357,0.655,1.012,0.409,0.749,1.158,0.0,0.0,0.0,0.086,0.157,0.243,82.0,7.3%,96.0,47.0,2.0,11.0,15.38%,,,,,,,,,,,,,,,,,,,,,,,
474,Trevor Van Riemsdyk,WSH,30,D,72,1,16,17,40,-3.0,17:28,14:39,0:09,2:38,1,0,0,0,0,15.0,0.0,1.0,1.0,0.0,16.0,0.0,1.0,1,0,0.0%,0.048,0.763,0.811,0.057,0.853,0.91,0.0,0.0,0.0,0.014,0.222,0.236,75.0,1.3%,25.0,129.0,0.0,0.0,0.00%,,,,,,,,,,,,,,,,,,,,,,,
480,Maxime Comtois,ANA,22,F,52,6,10,16,46,-17.0,14:08,12:22,1:36,0:09,6,0,0,0,0,8.0,2.0,0.0,0.0,0.0,14.0,2.0,0.0,0,0,12.5%,0.49,0.816,1.306,0.559,0.746,1.305,0.0,1.439,1.439,0.115,0.192,0.308,72.0,8.3%,111.0,17.0,22.0,24.0,47.83%,,,,,,,,,,,,,,,,,,,,,,,
491,Carl Grundström,LAK,24,F,54,9,6,15,26,4.0,10:53,10:32,0:14,0:05,9,0,0,1,0,6.0,0.0,0.0,1.0,0.0,15.0,0.0,0.0,2,0,0.0%,0.918,0.612,1.53,0.948,0.632,1.58,0.0,0.0,0.0,0.167,0.111,0.278,83.0,10.8%,134.0,19.0,6.0,12.0,33.33%,,,,,,,,,,,,,,,,,,,,,,,
492,Joseph Veleno,DET,21,F,66,8,7,15,22,-14.0,13:13,12:28,0:24,0:20,8,0,0,0,0,7.0,0.0,0.0,0.0,0.0,15.0,0.0,0.0,0,0,0.0%,0.55,0.481,1.032,0.583,0.51,1.094,0.0,0.0,0.0,0.121,0.106,0.227,73.0,11.0%,123.0,25.0,222.0,238.0,48.26%,,,,,,,,,,,,,,,,,,,,,,,
502,J.J. Moser,ARI,21,D,43,4,11,15,16,-10.0,18:41,15:56,1:12,1:32,3,1,0,1,0,10.0,1.0,0.0,0.0,0.0,13.0,2.0,0.0,1,0,13.3%,0.299,0.821,1.12,0.263,0.876,1.138,1.15,1.15,2.3,0.093,0.256,0.349,40.0,10.0%,32.0,55.0,0.0,0.0,0.00%,,,,,,,,,,,,,,,,,,,,,,,
506,Justin Danforth,CBJ,28,F,45,10,4,14,10,-5.0,12:34,11:48,0:17,0:29,10,0,0,1,0,3.0,1.0,0.0,0.0,0.0,13.0,1.0,0.0,1,0,7.1%,1.061,0.424,1.485,1.13,0.339,1.468,0.0,4.706,4.706,0.222,0.089,0.311,72.0,13.9%,85.0,22.0,107.0,92.0,53.77%,,,,,,,,,,,,,,,,,,,,,,,
507,Maxim Mamin,FLA,26,F,40,7,7,14,13,8.0,11:54,11:48,0:05,0:00,7,0,0,0,0,7.0,0.0,0.0,2.0,0.0,14.0,0.0,0.0,2,0,0.0%,0.882,0.882,1.764,0.889,0.889,1.778,0.0,0.0,0.0,0.175,0.175,0.35,49.0,14.3%,59.0,17.0,0.0,2.0,0.00%,,,,,,,,,,,,,,,,,,,,,,,
515,Jacob Middleton,MIN,25,D,66,4,10,14,82,10.0,18:41,16:53,0:10,1:36,4,0,0,0,0,8.0,1.0,1.0,0.0,0.0,12.0,1.0,1.0,0,0,7.1%,0.195,0.487,0.681,0.215,0.43,0.646,0.0,5.092,5.092,0.061,0.152,0.212,73.0,5.5%,118.0,124.0,0.0,0.0,0.00%,,,,,,,,,,,,,,,,,,,,,,,
525,Erik Brännström,OTT,22,D,53,0,14,14,30,-17.0,19:46,16:52,2:07,0:46,0,0,0,0,0,8.0,6.0,0.0,4.0,1.0,8.0,6.0,0.0,4,1,42.9%,0.0,0.802,0.802,0.0,0.537,0.537,0.0,3.205,3.205,0.0,0.264,0.264,86.0,0.0%,39.0,59.0,0.0,0.0,0.00%,,,,,,,,,,,,,,,,,,,,,,,
528,Nick Deslauriers,MIN,30,F,81,8,5,13,113,-11.0,11:21,10:07,0:01,1:13,7,0,1,1,0,5.0,0.0,0.0,0.0,0.0,12.0,0.0,1.0,1,0,0.0%,0.521,0.326,0.847,0.512,0.366,0.879,0.0,0.0,0.0,0.099,0.062,0.16,90.0,8.9%,263.0,49.0,1.0,3.0,25.00%,,,,,,,,,,,,,,,,,,,,,,,
544,Gustav Lindström,DET,23,D,63,1,12,13,22,-12.0,16:06,14:48,0:02,1:15,1,0,0,0,0,12.0,0.0,0.0,1.0,0.0,13.0,0.0,0.0,1,0,0.0%,0.059,0.709,0.768,0.064,0.771,0.836,0.0,0.0,0.0,0.016,0.19,0.206,41.0,2.4%,59.0,77.0,0.0,0.0,0.00%,,,,,,,,,,,,,,,,,,,,,,,
545,Dylan Demelo,WPG,28,D,76,1,12,13,28,10.0,18:29,15:51,0:01,2:36,0,0,1,0,0,11.0,0.0,1.0,0.0,0.0,11.0,0.0,2.0,0,0,0.0%,0.043,0.512,0.555,0.0,0.548,0.548,0.0,0.0,0.0,0.013,0.158,0.171,78.0,1.3%,113.0,108.0,0.0,0.0,0.00%,,,,,,,,,,,,,,,,,,,,,,,
546,Gerald Mayhew,ANA,29,F,40,11,1,12,18,-6.0,13:10,12:14,0:55,0:00,10,1,0,0,0,1.0,0.0,0.0,0.0,0.0,11.0,1.0,0.0,0,0,8.3%,1.252,0.114,1.366,1.225,0.123,1.348,1.611,0.0,1.611,0.275,0.025,0.3,53.0,20.8%,58.0,26.0,3.0,7.0,30.00%,,,,,,,,,,,,,,,,,,,,,,,
547,Nathan Walker,STL,27,F,30,8,4,12,2,1.0,11:32,11:30,0:00,0:01,8,0,0,2,0,4.0,0.0,0.0,0.0,0.0,12.0,0.0,0.0,2,0,0.0%,1.386,0.693,2.079,1.391,0.696,2.087,0.0,0.0,0.0,0.267,0.133,0.4,38.0,21.1%,58.0,22.0,8.0,15.0,34.78%,,,,,,,,,,,,,,,,,,,,,,,
548,Parker Kelly,OTT,22,F,41,7,5,12,60,-4.0,10:34,9:36,0:03,0:54,7,0,0,0,0,5.0,0.0,0.0,0.0,0.0,12.0,0.0,0.0,0,0,0.0%,0.969,0.692,1.661,1.066,0.762,1.828,0.0,0.0,0.0,0.171,0.122,0.293,48.0,14.6%,131.0,30.0,0.0,2.0,0.00%,,,,,,,,,,,,,,,,,,,,,,,
553,Laurent Dauphin,MTL,26,F,38,4,8,12,25,-10.0,13:17,11:59,0:10,1:07,4,0,0,0,0,8.0,0.0,0.0,0.0,0.0,12.0,0.0,0.0,0,0,0.0%,0.475,0.95,1.425,0.527,1.053,1.58,0.0,0.0,0.0,0.105,0.211,0.316,50.0,8.0%,31.0,27.0,104.0,143.0,42.11%,,,,,,,,,,,,,,,,,,,,,,,
554,Dysin Mayo,ARI,25,D,67,4,8,12,27,-22.0,20:54,17:54,0:03,2:57,4,0,0,0,0,8.0,0.0,0.0,0.0,0.0,12.0,0.0,0.0,0,0,0.0%,0.171,0.343,0.514,0.2,0.4,0.6,0.0,0.0,0.0,0.06,0.119,0.179,76.0,5.3%,129.0,133.0,0.0,0.0,0.00%,,,,,,,,,,,,,,,,,,,,,,,
556,Jani Hakanpää,DAL,29,D,80,4,8,12,43,1.0,16:12,13:54,0:02,2:16,4,0,0,0,0,7.0,0.0,1.0,1.0,0.0,11.0,0.0,1.0,1,0,0.0%,0.185,0.37,0.555,0.216,0.378,0.593,0.0,0.0,0.0,0.05,0.1,0.15,68.0,5.9%,248.0,112.0,0.0,0.0,0.00%,,,,,,,,,,,,,,,,,,,,,,,
562,Emil Bemström,CBJ,22,F,41,6,5,11,4,-1.0,10:31,9:25,1:05,0:00,6,0,0,1,0,5.0,0.0,0.0,0.0,0.0,11.0,0.0,0.0,1,0,0.0%,0.835,0.695,1.53,0.932,0.776,1.708,0.0,0.0,0.0,0.146,0.122,0.268,62.0,9.7%,36.0,6.0,2.0,2.0,50.00%,,,,,,,,,,,,,,,,,,,,,,,
564,Jasper Weatherby,SJS,23,F,50,5,6,11,18,-14.0,11:14,9:58,1:11,0:05,4,1,0,0,0,5.0,1.0,0.0,2.0,0.0,9.0,2.0,0.0,2,0,18.2%,0.534,0.641,1.174,0.481,0.602,1.083,1.01,1.01,2.021,0.1,0.12,0.22,45.0,11.1%,52.0,24.0,173.0,168.0,50.73%,,,,,,,,,,,,,,,,,,,,,,,
565,Michael Pezzetta,MTL,23,F,51,5,6,11,81,-7.0,7:50,7:43,0:06,0:00,5,0,0,0,0,6.0,0.0,0.0,1.0,0.0,11.0,0.0,0.0,1,0,0.0%,0.751,0.901,1.652,0.762,0.914,1.676,0.0,0.0,0.0,0.098,0.118,0.216,49.0,10.2%,156.0,8.0,6.0,5.0,54.55%,,,,,,,,,,,,,,,,,,,,,,,
567,Logan Brown,STL,23,F,39,4,7,11,8,-3.0,10:11,9:47,0:22,0:02,4,0,0,0,0,6.0,1.0,0.0,1.0,0.0,10.0,1.0,0.0,1,0,9.1%,0.604,1.057,1.661,0.629,0.943,1.572,0.0,4.162,4.162,0.103,0.179,0.282,34.0,11.8%,22.0,13.0,66.0,102.0,39.29%,,,,,,,,,,,,,,,,,,,,,,,
569,Braden Schneider,NYR,20,D,43,2,9,11,9,5.0,15:28,14:52,0:05,0:30,2,0,0,0,0,8.0,1.0,0.0,0.0,0.0,10.0,1.0,0.0,0,0,9.1%,0.18,0.811,0.992,0.188,0.75,0.938,0.0,16.143,16.143,0.047,0.209,0.256,25.0,8.0%,60.0,52.0,0.0,0.0,0.00%,,,,,,,,,,,,,,,,,,,,,,,
572,Matthew Benning,NSH,27,D,65,0,11,11,39,-24.0,16:20,14:06,0:01,2:11,0,0,0,0,0,11.0,0.0,0.0,1.0,0.0,11.0,0.0,0.0,1,0,0.0%,0.0,0.622,0.622,0.0,0.719,0.719,0.0,0.0,0.0,0.0,0.169,0.169,61.0,0.0%,82.0,67.0,0.0,0.0,0.00%,,,,,,,,,,,,,,,,,,,,,,,
574,Vinni Lettieri,ANA,26,F,31,5,5,10,6,-8.0,12:30,10:50,1:39,0:00,3,2,0,0,0,2.0,3.0,0.0,1.0,0.0,5.0,5.0,0.0,1,0,50.0%,0.773,0.773,1.546,0.536,0.357,0.893,2.335,3.502,5.837,0.161,0.161,0.323,50.0,10.0%,40.0,17.0,12.0,11.0,52.17%,,,,,,,,,,,,,,,,,,,,,,,
576,Quinton Byfield,LAK,19,F,40,5,5,10,20,-7.0,12:09,11:31,0:33,0:03,5,0,0,1,0,4.0,1.0,0.0,2.0,0.0,9.0,1.0,0.0,3,0,10.0%,0.617,0.617,1.234,0.65,0.52,1.171,0.0,2.679,2.679,0.125,0.125,0.25,39.0,12.8%,20.0,11.0,124.0,148.0,45.59%,,,,,,,,,,,,,,,,,,,,,,,
581,Cam York,PHI,20,D,30,3,7,10,6,-14.0,19:04,16:14,2:17,0:32,2,1,0,0,0,4.0,3.0,0.0,1.0,0.0,6.0,4.0,0.0,1,0,40.0%,0.314,0.734,1.048,0.246,0.492,0.739,0.872,2.617,3.489,0.1,0.233,0.333,33.0,9.1%,20.0,40.0,0.0,0.0,0.00%,,,,,,,,,,,,,,,,,,,,,,,
584,Kale Clague,MTL,23,D,36,2,8,10,20,-10.0,16:44,14:41,1:41,0:21,2,0,0,0,0,5.0,3.0,0.0,3.0,1.0,7.0,3.0,0.0,3,1,30.0%,0.199,0.797,0.996,0.227,0.567,0.794,0.0,2.961,2.961,0.056,0.222,0.278,26.0,7.7%,14.0,23.0,0.0,0.0,0.00%,,,,,,,,,,,,,,,,,,,,,,,
588,Mattias Samuelsson,BUF,21,D,42,0,10,10,16,-10.0,19:59,17:38,0:02,2:17,0,0,0,0,0,10.0,0.0,0.0,0.0,0.0,10.0,0.0,0.0,0,0,0.0%,0.0,0.714,0.714,0.0,0.809,0.809,0.0,0.0,0.0,0.0,0.238,0.238,44.0,0.0%,100.0,60.0,0.0,0.0,0.00%,,,,,,,,,,,,,,,,,,,,,,,
589,Scott Reedy,SJS,22,F,35,7,2,9,10,-8.0,11:11,9:37,1:33,0:00,4,3,0,2,0,2.0,0.0,0.0,0.0,0.0,6.0,3.0,0.0,2,0,33.3%,1.073,0.307,1.379,0.713,0.356,1.069,3.312,0.0,3.312,0.2,0.057,0.257,33.0,21.2%,14.0,26.0,53.0,79.0,40.15%,,,,,,,,,,,,,,,,,,,,,,,
590,Noah Cates,PHI,22,F,16,5,4,9,4,4.0,13:14,12:02,0:02,1:09,4,1,0,1,0,4.0,0.0,0.0,0.0,0.0,8.0,1.0,0.0,1,0,11.1%,1.416,1.132,2.548,1.245,1.245,2.49,81.818,0.0,81.818,0.313,0.25,0.563,23.0,21.7%,21.0,6.0,0.0,7.0,0.00%,,,,,,,,,,,,,,,,,,,,,,,
594,Matthew Beniers,SEA,19,F,10,3,6,9,0,-1.0,16:56,13:57,2:56,0:02,1,2,0,0,0,4.0,2.0,0.0,0.0,0.0,5.0,4.0,0.0,0,0,44.4%,1.063,2.125,3.188,0.43,1.72,2.15,4.075,4.075,8.149,0.3,0.6,0.9,18.0,16.7%,7.0,4.0,39.0,53.0,42.39%,,,,,,,,,,,,,,,,,,,,,,,
595,Alexei Protas,WSH,20,F,33,3,6,9,0,4.0,11:50,10:50,0:59,0:00,3,0,0,0,0,5.0,1.0,0.0,2.0,0.0,8.0,1.0,0.0,2,0,11.1%,0.461,0.922,1.383,0.503,0.839,1.342,0.0,1.847,1.847,0.091,0.182,0.273,34.0,8.8%,20.0,12.0,56.0,69.0,44.80%,,,,,,,,,,,,,,,,,,,,,,,
596,Lucas Carlsson,FLA,24,D,40,3,6,9,10,3.0,12:42,12:30,0:04,0:07,3,0,0,0,0,6.0,0.0,0.0,0.0,0.0,9.0,0.0,0.0,0,0,0.0%,0.354,0.708,1.062,0.36,0.72,1.079,0.0,0.0,0.0,0.075,0.15,0.225,41.0,7.3%,39.0,29.0,0.0,0.0,0.00%,,,,,,,,,,,,,,,,,,,,,,,
601,Kyle Capobianco,ARI,24,D,45,2,7,9,38,-12.0,16:00,15:17,0:34,0:08,1,1,0,1,1,6.0,1.0,0.0,1.0,1.0,7.0,2.0,0.0,2,2,22.2%,0.167,0.583,0.75,0.087,0.523,0.61,2.341,2.341,4.681,0.044,0.156,0.2,40.0,5.0%,43.0,46.0,0.0,0.0,0.00%,,,,,,,,,,,,,,,,,,,,,,,
602,Callan Foote,TBL,23,D,56,2,7,9,29,6.0,13:07,12:54,0:01,0:12,2,0,0,0,0,7.0,0.0,0.0,3.0,0.0,9.0,0.0,0.0,3,0,0.0%,0.163,0.571,0.735,0.166,0.581,0.747,0.0,0.0,0.0,0.036,0.125,0.161,49.0,4.1%,83.0,57.0,0.0,0.0,0.00%,,,,,,,,,,,,,,,,,,,,,,,
603,Robert Hägg,FLA,26,D,64,1,8,9,35,-9.0,16:01,14:03,0:01,1:55,1,0,0,0,0,8.0,0.0,0.0,0.0,0.0,9.0,0.0,0.0,0,0,0.0%,0.059,0.468,0.527,0.067,0.533,0.6,0.0,0.0,0.0,0.016,0.125,0.141,59.0,1.7%,138.0,102.0,0.0,0.0,0.00%,,,,,,,,,,,,,,,,,,,,,,,
604,Jack Johnson,COL,34,D,74,1,8,9,42,5.0,16:44,14:40,0:02,2:01,1,0,0,0,0,7.0,0.0,1.0,0.0,0.0,8.0,0.0,1.0,0,0,0.0%,0.048,0.387,0.436,0.055,0.387,0.442,0.0,0.0,0.0,0.014,0.108,0.122,57.0,1.8%,91.0,68.0,0.0,0.0,0.00%,,,,,,,,,,,,,,,,,,,,,,,
611,Fabian Zetterlund,NJD,22,F,14,3,5,8,0,5.0,13:20,11:47,1:32,0:00,3,0,0,0,0,5.0,0.0,0.0,1.0,0.0,8.0,0.0,0.0,1,0,0.0%,0.964,1.606,2.57,1.09,1.816,2.906,0.0,0.0,0.0,0.214,0.357,0.571,36.0,8.3%,16.0,7.0,2.0,1.0,66.67%,,,,,,,,,,,,,,,,,,,,,,,
614,Dakota Joshua,STL,25,F,30,3,5,8,16,6.0,8:29,8:26,0:02,0:00,3,0,0,2,0,5.0,0.0,0.0,1.0,0.0,8.0,0.0,0.0,3,0,0.0%,0.706,1.177,1.884,0.711,1.186,1.897,0.0,0.0,0.0,0.1,0.167,0.267,31.0,9.7%,77.0,10.0,40.0,35.0,53.33%,,,,,,,,,,,,,,,,,,,,,,,
617,Jordan Spence,LAK,20,D,24,2,6,8,2,0.0,19:44,17:28,1:41,0:34,2,0,0,1,0,4.0,2.0,0.0,2.0,0.0,6.0,2.0,0.0,3,0,25.0%,0.253,0.76,1.013,0.286,0.572,0.858,0.0,2.954,2.954,0.083,0.25,0.333,41.0,4.9%,32.0,29.0,0.0,0.0,0.00%,,,,,,,,,,,,,,,,,,,,,,,
618,William Borgen,SEA,25,D,36,2,6,8,28,1.0,15:17,14:24,0:02,0:50,2,0,0,0,0,6.0,0.0,0.0,1.0,0.0,8.0,0.0,0.0,1,0,0.0%,0.218,0.654,0.872,0.231,0.694,0.925,0.0,0.0,0.0,0.056,0.167,0.222,49.0,4.1%,89.0,33.0,0.0,0.0,0.00%,,,,,,,,,,,,,,,,,,,,,,,
620,Jaycob Megna,SJS,29,D,44,2,6,8,16,-1.0,19:07,17:10,0:02,1:55,2,0,0,0,0,6.0,0.0,0.0,0.0,0.0,8.0,0.0,0.0,0,0,0.0%,0.143,0.428,0.571,0.159,0.477,0.635,0.0,0.0,0.0,0.045,0.136,0.182,40.0,5.0%,71.0,92.0,0.0,0.0,0.00%,,,,,,,,,,,,,,,,,,,,,,,
622,Michael Anderson,LAK,22,D,57,2,6,8,8,6.0,20:06,18:05,0:06,1:54,2,0,0,1,0,6.0,0.0,0.0,3.0,0.0,8.0,0.0,0.0,4,0,0.0%,0.105,0.314,0.419,0.116,0.349,0.465,0.0,0.0,0.0,0.035,0.105,0.14,58.0,3.5%,133.0,69.0,0.0,0.0,0.00%,,,,,,,,,,,,,,,,,,,,,,,
624,Olli Määttä,LAK,27,D,66,1,7,8,10,17.0,18:16,16:23,0:07,1:46,1,0,0,0,0,7.0,0.0,0.0,0.0,0.0,8.0,0.0,0.0,0,0,0.0%,0.05,0.348,0.398,0.055,0.388,0.444,0.0,0.0,0.0,0.015,0.106,0.121,61.0,1.6%,67.0,94.0,0.0,0.0,0.00%,,,,,,,,,,,,,,,,,,,,,,,
626,Gavin Bayreuther,CBJ,27,D,43,0,8,8,22,0.0,13:03,12:34,0:02,0:26,0,0,0,0,0,8.0,0.0,0.0,0.0,0.0,8.0,0.0,0.0,0,0,0.0%,0.0,0.855,0.855,0.0,0.887,0.887,0.0,0.0,0.0,0.0,0.186,0.186,44.0,0.0%,50.0,45.0,0.0,0.0,0.00%,,,,,,,,,,,,,,,,,,,,,,,
627,Tobias Björnfot,LAK,20,D,70,0,8,8,6,-12.0,16:45,15:36,0:04,1:04,0,0,0,0,0,8.0,0.0,0.0,2.0,0.0,8.0,0.0,0.0,2,0,0.0%,0.0,0.409,0.409,0.0,0.439,0.439,0.0,0.0,0.0,0.0,0.114,0.114,53.0,0.0%,61.0,58.0,0.0,0.0,0.00%,,,,,,,,,,,,,,,,,,,,,,,
629,Brendan Gaunce,CBJ,27,F,30,5,2,7,12,2.0,8:05,8:05,0:00,0:00,5,0,0,0,0,2.0,0.0,0.0,0.0,0.0,7.0,0.0,0.0,0,0,0.0%,1.235,0.494,1.729,1.236,0.494,1.731,0.0,0.0,0.0,0.167,0.067,0.233,44.0,11.4%,42.0,9.0,66.0,60.0,52.38%,,,,,,,,,,,,,,,,,,,,,,,
630,Joseph Snively,WSH,25,F,12,4,3,7,2,3.0,11:33,11:15,0:18,0:00,3,1,0,0,0,3.0,0.0,0.0,0.0,0.0,6.0,1.0,0.0,0,0,14.3%,1.731,1.298,3.028,1.333,1.333,2.666,16.514,0.0,16.514,0.333,0.25,0.583,21.0,19.1%,2.0,3.0,0.0,1.0,0.00%,,,,,,,,,,,,,,,,,,,,,,,
632,Givani Smith,DET,23,F,46,4,3,7,108,-6.0,8:28,8:28,0:00,0:00,4,0,0,0,0,3.0,0.0,0.0,0.0,0.0,7.0,0.0,0.0,0,0,0.0%,0.616,0.462,1.078,0.616,0.462,1.078,0.0,0.0,0.0,0.087,0.065,0.152,50.0,8.0%,86.0,20.0,1.0,1.0,50.00%,,,,,,,,,,,,,,,,,,,,,,,
633,Henrik Borgström,CHI,24,F,52,4,3,7,22,-14.0,10:31,9:48,0:38,0:04,4,0,0,0,0,2.0,1.0,0.0,0.0,0.0,6.0,1.0,0.0,0,0,14.3%,0.439,0.329,0.768,0.47,0.235,0.706,0.0,1.805,1.805,0.077,0.058,0.135,41.0,9.8%,26.0,19.0,82.0,122.0,40.20%,,,,,,,,,,,,,,,,,,,,,,,
635,Joshua Mahura,ANA,23,D,38,3,4,7,12,-14.0,14:03,13:49,0:02,0:11,3,0,0,0,0,4.0,0.0,0.0,0.0,0.0,7.0,0.0,0.0,0,0,0.0%,0.337,0.449,0.786,0.343,0.457,0.8,0.0,0.0,0.0,0.079,0.105,0.184,36.0,8.3%,63.0,51.0,0.0,0.0,0.00%,,,,,,,,,,,,,,,,,,,,,,,
639,Matthew Martin,NYI,32,F,71,3,4,7,70,-2.0,11:26,11:20,0:05,0:01,3,0,0,0,0,4.0,0.0,0.0,0.0,0.0,7.0,0.0,0.0,0,0,0.0%,0.222,0.295,0.517,0.224,0.298,0.522,0.0,0.0,0.0,0.042,0.056,0.099,66.0,4.6%,235.0,27.0,8.0,11.0,42.11%,,,,,,,,,,,,,,,,,,,,,,,
641,Calle Rosén,STL,27,D,18,2,5,7,4,-2.0,14:19,13:56,0:07,0:16,2,0,0,0,0,5.0,0.0,0.0,0.0,0.0,7.0,0.0,0.0,0,0,0.0%,0.465,1.163,1.629,0.478,1.196,1.674,0.0,0.0,0.0,0.111,0.278,0.389,18.0,11.1%,6.0,16.0,0.0,0.0,0.00%,,,,,,,,,,,,,,,,,,,,,,,
642,Cole Perfetti,WPG,19,F,18,2,5,7,0,1.0,14:08,12:52,1:15,0:00,2,0,0,1,0,4.0,1.0,0.0,0.0,0.0,6.0,1.0,0.0,1,0,14.3%,0.471,1.178,1.649,0.518,1.035,1.553,0.0,2.639,2.639,0.111,0.278,0.389,21.0,9.5%,17.0,2.0,0.0,3.0,0.00%,,,,,,,,,,,,,,,,,,,,,,,
643,Gregory Hofmann,CBJ,29,F,24,2,5,7,8,6.0,12:30,11:42,0:34,0:13,2,0,0,2,0,5.0,0.0,0.0,0.0,0.0,7.0,0.0,0.0,2,0,0.0%,0.4,1.0,1.399,0.427,1.068,1.495,0.0,0.0,0.0,0.083,0.208,0.292,33.0,6.1%,23.0,10.0,0.0,8.0,0.00%,,,,,,,,,,,,,,,,,,,,,,,
646,Nicolas Meloche,SJS,24,D,50,2,5,7,39,-17.0,16:52,15:45,0:06,0:59,2,0,0,1,0,4.0,0.0,1.0,1.0,0.0,6.0,0.0,1.0,2,0,0.0%,0.142,0.356,0.498,0.152,0.305,0.457,0.0,0.0,0.0,0.04,0.1,0.14,36.0,5.6%,158.0,54.0,0.0,0.0,0.00%,,,,,,,,,,,,,,,,,,,,,,,
650,Thomas Novak,NSH,24,F,27,1,6,7,2,-4.0,11:47,10:02,1:44,0:00,0,1,0,0,0,3.0,3.0,0.0,2.0,0.0,3.0,4.0,0.0,2,0,57.1%,0.188,1.131,1.319,0.0,0.664,0.664,1.275,3.826,5.101,0.037,0.222,0.259,25.0,4.0%,4.0,6.0,62.0,79.0,43.97%,,,,,,,,,,,,,,,,,,,,,,,
652,Cam Dineen,ARI,23,D,34,0,7,7,4,-16.0,15:38,14:19,0:14,1:04,0,0,0,0,0,7.0,0.0,0.0,0.0,0.0,7.0,0.0,0.0,0,0,0.0%,0.0,0.79,0.79,0.0,0.862,0.862,0.0,0.0,0.0,0.0,0.206,0.206,52.0,0.0%,22.0,44.0,0.0,0.0,0.00%,,,,,,,,,,,,,,,,,,,,,,,
654,Michael Carcone,ARI,25,F,21,4,2,6,14,-8.0,12:18,12:01,0:16,0:00,4,0,0,0,0,2.0,0.0,0.0,0.0,0.0,6.0,0.0,0.0,0,0,0.0%,0.928,0.464,1.392,0.95,0.475,1.425,0.0,0.0,0.0,0.19,0.095,0.286,36.0,11.1%,31.0,7.0,0.0,7.0,0.00%,,,,,,,,,,,,,,,,,,,,,,,
656,Maxwell Willman,PHI,26,F,41,4,2,6,16,-13.0,11:46,11:20,0:01,0:23,4,0,0,0,0,2.0,0.0,0.0,0.0,0.0,6.0,0.0,0.0,0,0,0.0%,0.497,0.249,0.746,0.516,0.258,0.774,0.0,0.0,0.0,0.098,0.049,0.146,65.0,6.2%,53.0,10.0,2.0,5.0,28.57%,,,,,,,,,,,,,,,,,,,,,,,
661,Brett Leason,WSH,22,F,36,3,3,6,4,1.0,8:57,8:56,0:00,0:00,3,0,0,0,0,3.0,0.0,0.0,0.0,0.0,6.0,0.0,0.0,0,0,0.0%,0.558,0.558,1.117,0.559,0.559,1.118,0.0,0.0,0.0,0.083,0.083,0.167,45.0,6.7%,16.0,14.0,3.0,5.0,37.50%,,,,,,,,,,,,,,,,,,,,,,,
664,Brett Murray,BUF,23,F,19,2,4,6,23,-3.0,12:57,12:22,0:34,0:00,2,0,0,0,0,3.0,1.0,0.0,0.0,0.0,5.0,1.0,0.0,0,0,16.7%,0.487,0.974,1.462,0.51,0.765,1.275,0.0,5.43,5.43,0.105,0.211,0.316,14.0,14.3%,17.0,2.0,0.0,0.0,0.00%,,,,,,,,,,,,,,,,,,,,,,,
666,Corey Schueneman,MTL,26,D,24,2,4,6,8,-5.0,16:35,15:11,0:29,0:54,2,0,0,0,0,3.0,1.0,0.0,0.0,0.0,5.0,1.0,0.0,0,0,16.7%,0.301,0.602,0.904,0.329,0.493,0.822,0.0,5.07,5.07,0.083,0.167,0.25,30.0,6.7%,15.0,40.0,0.0,0.0,0.00%,,,,,,,,,,,,,,,,,,,,,,,
667,Jonas Røndbjerg,VGK,22,F,30,2,4,6,4,0.0,10:00,9:30,0:00,0:29,2,0,0,0,0,4.0,0.0,0.0,2.0,0.0,6.0,0.0,0.0,2,0,0.0%,0.4,0.799,1.199,0.421,0.841,1.262,0.0,0.0,0.0,0.067,0.133,0.2,30.0,6.7%,13.0,11.0,0.0,2.0,0.00%,,,,,,,,,,,,,,,,,,,,,,,
669,Jake Leschyshyn,VGK,22,F,41,2,4,6,8,-2.0,11:18,10:28,0:01,0:47,2,0,0,0,0,4.0,0.0,0.0,0.0,0.0,6.0,0.0,0.0,0,0,0.0%,0.259,0.518,0.777,0.279,0.559,0.838,0.0,0.0,0.0,0.049,0.098,0.146,35.0,5.7%,45.0,23.0,122.0,143.0,46.04%,,,,,,,,,,,,,,,,,,,,,,,
671,Matias Maccelli,ARI,21,F,23,1,5,6,4,-10.0,14:12,12:54,1:14,0:03,1,0,0,0,0,4.0,1.0,0.0,1.0,1.0,5.0,1.0,0.0,1,1,16.7%,0.184,0.919,1.102,0.202,0.809,1.011,0.0,2.109,2.109,0.043,0.217,0.261,21.0,4.8%,12.0,8.0,2.0,0.0,100.00%,,,,,,,,,,,,,,,,,,,,,,,
673,Reese Johnson,CHI,23,F,37,1,5,6,16,-13.0,10:37,9:25,0:00,1:11,1,0,0,0,0,5.0,0.0,0.0,0.0,0.0,6.0,0.0,0.0,0,0,0.0%,0.153,0.763,0.916,0.172,0.86,1.033,0.0,0.0,0.0,0.027,0.135,0.162,24.0,4.2%,141.0,14.0,107.0,105.0,50.47%,,,,,,,,,,,,,,,,,,,,,,,
674,Andrej Sustr,ANA,31,D,38,1,5,6,16,-4.0,14:43,13:38,0:00,1:04,1,0,0,0,0,5.0,0.0,0.0,1.0,0.0,6.0,0.0,0.0,1,0,0.0%,0.107,0.536,0.643,0.116,0.579,0.695,0.0,0.0,0.0,0.026,0.132,0.158,28.0,3.6%,27.0,36.0,0.0,0.0,0.00%,,,,,,,,,,,,,,,,,,,,,,,
675,Ryan Merkley,SJS,21,D,39,1,5,6,8,-10.0,15:22,13:56,1:23,0:02,1,0,0,0,0,3.0,2.0,0.0,0.0,0.0,4.0,2.0,0.0,0,0,33.3%,0.1,0.5,0.6,0.11,0.331,0.441,0.0,2.211,2.211,0.026,0.128,0.154,36.0,2.8%,12.0,22.0,0.0,0.0,0.00%,,,,,,,,,,,,,,,,,,,,,,,
678,Scott Perunovich,STL,23,D,19,0,6,6,8,2.0,15:27,13:25,2:01,0:00,0,0,0,0,0,3.0,3.0,0.0,1.0,0.0,3.0,3.0,0.0,1,0,50.0%,0.0,1.226,1.226,0.0,0.705,0.705,0.0,4.673,4.673,0.0,0.316,0.316,14.0,0.0%,5.0,12.0,0.0,0.0,0.00%,,,,,,,,,,,,,,,,,,,,,,,
681,Casey Fitzgerald,BUF,24,D,36,0,6,6,36,-19.0,16:52,15:35,0:03,1:07,0,0,0,0,0,6.0,0.0,0.0,0.0,0.0,6.0,0.0,0.0,0,0,0.0%,0.0,0.593,0.593,0.0,0.641,0.641,0.0,0.0,0.0,0.0,0.167,0.167,41.0,0.0%,86.0,35.0,0.0,0.0,0.00%,,,,,,,,,,,,,,,,,,,,,,,
683,Brendan Perlini,EDM,25,F,23,4,1,5,6,-2.0,8:22,8:15,0:06,0:00,4,0,0,0,0,1.0,0.0,0.0,1.0,0.0,5.0,0.0,0.0,1,0,0.0%,1.246,0.312,1.558,1.264,0.316,1.58,0.0,0.0,0.0,0.174,0.043,0.217,24.0,16.7%,29.0,3.0,0.0,1.0,0.00%,,,,,,,,,,,,,,,,,,,,,,,
685,Jeffrey Truchon-Viel,SJS,24,F,34,3,2,5,114,-2.0,8:48,8:46,0:00,0:00,3,0,0,0,0,2.0,0.0,0.0,0.0,0.0,5.0,0.0,0.0,0,0,0.0%,0.601,0.401,1.002,0.603,0.402,1.005,0.0,0.0,0.0,0.088,0.059,0.147,30.0,10.0%,84.0,11.0,4.0,8.0,33.33%,,,,,,,,,,,,,,,,,,,,,,,
686,Jesse Ylönen,MTL,22,F,14,2,3,5,2,2.0,11:33,10:18,1:15,0:00,2,0,0,0,0,3.0,0.0,0.0,0.0,0.0,5.0,0.0,0.0,0,0,0.0%,0.741,1.112,1.853,0.832,1.247,2.079,0.0,0.0,0.0,0.143,0.214,0.357,16.0,12.5%,5.0,4.0,0.0,0.0,0.00%,,,,,,,,,,,,,,,,,,,,,,,
689,Morgan Barron,WPG,23,F,27,2,3,5,8,-4.0,9:47,9:44,0:01,0:02,2,0,0,0,0,3.0,0.0,0.0,0.0,0.0,5.0,0.0,0.0,0,0,0.0%,0.454,0.68,1.134,0.457,0.685,1.141,0.0,0.0,0.0,0.074,0.111,0.185,33.0,6.1%,49.0,8.0,30.0,24.0,55.56%,,,,,,,,,,,,,,,,,,,,,,,
697,Kyle Burroughs,VAN,26,D,42,1,4,5,39,-3.0,12:56,12:22,0:01,0:32,1,0,0,0,0,4.0,0.0,0.0,0.0,0.0,5.0,0.0,0.0,0,0,0.0%,0.11,0.442,0.552,0.115,0.462,0.577,0.0,0.0,0.0,0.024,0.095,0.119,39.0,2.6%,122.0,59.0,0.0,0.0,0.00%,,,,,,,,,,,,,,,,,,,,,,,
698,Simon Benoit,ANA,23,D,53,1,4,5,22,-5.0,14:05,13:21,0:00,0:43,1,0,0,0,0,4.0,0.0,0.0,0.0,0.0,5.0,0.0,0.0,0,0,0.0%,0.08,0.321,0.402,0.085,0.339,0.424,0.0,0.0,0.0,0.019,0.075,0.094,45.0,2.2%,168.0,39.0,0.0,0.0,0.00%,,,,,,,,,,,,,,,,,,,,,,,
699,Thomas Bordeleau,SJS,19,F,8,0,5,5,0,-1.0,15:35,13:55,1:39,0:00,0,0,0,0,0,4.0,1.0,0.0,0.0,0.0,4.0,1.0,0.0,0,0,20.0%,0.0,2.405,2.405,0.0,2.154,2.154,0.0,4.511,4.511,0.0,0.625,0.625,13.0,0.0%,3.0,4.0,40.0,49.0,44.94%,,,,,,,,,,,,,,,,,,,,,,,
702,Lassi Thomson,OTT,21,D,16,0,5,5,2,-8.0,17:14,15:26,1:10,0:38,0,0,0,0,0,4.0,1.0,0.0,0.0,0.0,4.0,1.0,0.0,0,0,20.0%,0.0,1.087,1.087,0.0,0.972,0.972,0.0,3.211,3.211,0.0,0.313,0.313,18.0,0.0%,23.0,9.0,0.0,0.0,0.00%,,,,,,,,,,,,,,,,,,,,,,,
704,Nolan Foote,NJD,21,F,7,3,1,4,0,3.0,10:22,9:47,0:32,0:01,3,0,0,0,0,1.0,0.0,0.0,0.0,0.0,4.0,0.0,0.0,0,0,0.0%,2.48,0.827,3.307,2.625,0.875,3.5,0.0,0.0,0.0,0.429,0.143,0.571,10.0,30.0%,8.0,1.0,0.0,3.0,0.00%,,,,,,,,,,,,,,,,,,,,,,,
706,Michael Sgarbossa,WSH,29,F,10,2,2,4,0,3.0,9:53,9:09,0:44,0:00,2,0,0,0,0,2.0,0.0,0.0,0.0,0.0,4.0,0.0,0.0,0,0,0.0%,1.213,1.213,2.425,1.311,1.311,2.622,0.0,0.0,0.0,0.2,0.2,0.4,11.0,18.2%,7.0,2.0,41.0,31.0,56.94%,,,,,,,,,,,,,,,,,,,,,,,
707,Nathan Smith,ARI,23,F,10,2,2,4,2,-1.0,14:09,12:26,1:38,0:04,2,0,0,0,0,2.0,0.0,0.0,0.0,0.0,4.0,0.0,0.0,0,0,0.0%,0.848,0.848,1.696,0.965,0.965,1.93,0.0,0.0,0.0,0.2,0.2,0.4,14.0,14.3%,26.0,6.0,38.0,58.0,39.58%,,,,,,,,,,,,,,,,,,,,,,,
709,Ronnie Attard,PHI,22,D,15,2,2,4,8,-2.0,16:35,14:35,0:54,1:06,2,0,0,0,0,2.0,0.0,0.0,1.0,0.0,4.0,0.0,0.0,1,0,0.0%,0.482,0.482,0.964,0.548,0.548,1.096,0.0,0.0,0.0,0.133,0.133,0.267,16.0,12.5%,24.0,17.0,0.0,0.0,0.00%,,,,,,,,,,,,,,,,,,,,,,,
710,Mark Kastelic,OTT,22,F,16,2,2,4,14,-1.0,9:11,8:55,0:13,0:01,2,0,0,1,0,2.0,0.0,0.0,1.0,0.0,4.0,0.0,0.0,2,0,0.0%,0.817,0.817,1.633,0.84,0.84,1.68,0.0,0.0,0.0,0.125,0.125,0.25,11.0,18.2%,51.0,10.0,70.0,50.0,58.33%,,,,,,,,,,,,,,,,,,,,,,,
711,Arttu Ruotsalainen,BUF,24,F,18,2,2,4,6,-1.0,11:53,10:38,0:48,0:26,2,0,0,0,0,2.0,0.0,0.0,0.0,0.0,4.0,0.0,0.0,0,0,0.0%,0.561,0.561,1.121,0.627,0.627,1.253,0.0,0.0,0.0,0.111,0.111,0.222,23.0,8.7%,14.0,6.0,51.0,69.0,42.50%,,,,,,,,,,,,,,,,,,,,,,,
714,Axel Jonsson Fjällby,WSH,23,F,23,2,2,4,4,0.0,11:10,10:27,0:02,0:41,2,0,0,0,0,2.0,0.0,0.0,0.0,0.0,4.0,0.0,0.0,0,0,0.0%,0.467,0.467,0.933,0.499,0.499,0.998,0.0,0.0,0.0,0.087,0.087,0.174,29.0,6.9%,18.0,8.0,1.0,3.0,25.00%,,,,,,,,,,,,,,,,,,,,,,,
715,Marian Studenic,DAL,23,F,33,2,2,4,6,-7.0,11:08,10:27,0:09,0:31,2,0,0,0,0,2.0,0.0,0.0,0.0,0.0,4.0,0.0,0.0,0,0,0.0%,0.326,0.326,0.652,0.347,0.347,0.695,0.0,0.0,0.0,0.061,0.061,0.121,42.0,4.8%,25.0,15.0,1.0,3.0,25.00%,,,,,,,,,,,,,,,,,,,,,,,
718,Isaac Ratcliffe,PHI,22,F,10,1,3,4,10,-1.0,10:44,9:42,1:01,0:00,1,0,0,0,0,1.0,2.0,0.0,0.0,0.0,2.0,2.0,0.0,0,0,50.0%,0.558,1.675,2.233,0.618,0.618,1.236,0.0,11.688,11.688,0.1,0.3,0.4,14.0,7.1%,16.0,8.0,0.0,1.0,0.00%,,,,,,,,,,,,,,,,,,,,,,,
719,Taro Hirose,DET,25,F,15,1,3,4,4,-5.0,10:39,9:01,1:38,0:00,0,1,0,0,0,2.0,1.0,0.0,0.0,0.0,2.0,2.0,0.0,0,0,50.0%,0.375,1.126,1.501,0.0,0.887,0.887,2.437,2.437,4.875,0.067,0.2,0.267,10.0,10.0%,9.0,2.0,1.0,1.0,50.00%,,,,,,,,,,,,,,,,,,,,,,,
721,Kevin Bahl,NJD,21,D,17,1,3,4,10,-6.0,15:44,14:39,0:04,1:00,1,0,0,0,0,3.0,0.0,0.0,1.0,0.0,4.0,0.0,0.0,1,0,0.0%,0.224,0.672,0.897,0.241,0.722,0.963,0.0,0.0,0.0,0.059,0.176,0.235,16.0,6.3%,28.0,15.0,0.0,0.0,0.00%,,,,,,,,,,,,,,,,,,,,,,,
724,Nils Lundkvist,NYR,21,D,25,1,3,4,0,4.0,13:55,12:33,1:12,0:09,0,1,0,0,0,2.0,1.0,0.0,1.0,0.0,2.0,2.0,0.0,1,0,50.0%,0.172,0.517,0.689,0.0,0.382,0.382,1.977,1.977,3.954,0.04,0.12,0.16,32.0,3.1%,15.0,15.0,0.0,0.0,0.00%,,,,,,,,,,,,,,,,,,,,,,,
727,Thomas Harley,DAL,20,D,34,1,3,4,6,-4.0,13:41,13:39,0:01,0:00,1,0,0,0,0,3.0,0.0,0.0,0.0,0.0,4.0,0.0,0.0,0,0,0.0%,0.129,0.387,0.516,0.129,0.388,0.517,0.0,0.0,0.0,0.029,0.088,0.118,36.0,2.8%,30.0,30.0,0.0,0.0,0.00%,,,,,,,,,,,,,,,,,,,,,,,
728,William Eklund,SJS,19,F,9,0,4,4,2,-3.0,14:19,12:03,2:15,0:01,0,0,0,0,0,1.0,3.0,0.0,1.0,0.0,1.0,3.0,0.0,1,0,75.0%,0.0,1.861,1.861,0.0,0.553,0.553,0.0,8.889,8.889,0.0,0.444,0.444,8.0,0.0%,4.0,4.0,3.0,5.0,37.50%,,,,,,,,,,,,,,,,,,,,,,,
729,Bobby Brink,PHI,20,F,10,0,4,4,0,-5.0,15:26,12:25,3:01,0:00,0,0,0,0,0,3.0,1.0,0.0,0.0,0.0,3.0,1.0,0.0,0,0,25.0%,0.0,1.554,1.554,0.0,1.449,1.449,0.0,1.98,1.98,0.0,0.4,0.4,18.0,0.0%,15.0,2.0,3.0,1.0,75.00%,,,,,,,,,,,,,,,,,,,,,,,
730,Derrick Pouliot,SEA,27,D,11,0,4,4,4,6.0,15:30,15:23,0:03,0:02,0,0,0,0,0,4.0,0.0,0.0,0.0,0.0,4.0,0.0,0.0,0,0,0.0%,0.0,1.407,1.407,0.0,1.417,1.417,0.0,0.0,0.0,0.0,0.364,0.364,8.0,0.0%,10.0,14.0,0.0,0.0,0.00%,,,,,,,,,,,,,,,,,,,,,,,
731,Samuel Blais,NYR,25,F,14,0,4,4,17,3.0,13:27,12:18,1:09,0:00,0,0,0,0,0,4.0,0.0,0.0,2.0,0.0,4.0,0.0,0.0,2,0,0.0%,0.0,1.274,1.274,0.0,1.393,1.393,0.0,0.0,0.0,0.0,0.286,0.286,17.0,0.0%,37.0,8.0,2.0,3.0,40.00%,,,,,,,,,,,,,,,,,,,,,,,
734,Colton White,NJD,24,D,27,0,4,4,8,2.0,13:15,12:57,0:00,0:16,0,0,0,0,0,4.0,0.0,0.0,1.0,0.0,4.0,0.0,0.0,1,0,0.0%,0.0,0.671,0.671,0.0,0.686,0.686,0.0,0.0,0.0,0.0,0.148,0.148,18.0,0.0%,24.0,14.0,0.0,0.0,0.00%,,,,,,,,,,,,,,,,,,,,,,,
739,Marc McLaughlin,BOS,22,F,11,3,0,3,8,-1.0,10:29,10:19,0:09,0:00,3,0,0,0,0,0.0,0.0,0.0,0.0,0.0,3.0,0.0,0.0,0,0,0.0%,1.56,0.0,1.56,1.585,0.0,1.585,0.0,0.0,0.0,0.273,0.0,0.273,12.0,25.0%,15.0,2.0,5.0,10.0,33.33%,,,,,,,,,,,,,,,,,,,,,,,
741,Owen Power,BUF,19,D,8,2,1,3,2,3.0,22:05,18:35,0:57,2:32,2,0,0,0,0,1.0,0.0,0.0,0.0,0.0,3.0,0.0,0.0,0,0,0.0%,0.679,0.34,1.019,0.807,0.404,1.211,0.0,0.0,0.0,0.25,0.125,0.375,10.0,20.0%,1.0,9.0,0.0,0.0,0.00%,,,,,,,,,,,,,,,,,,,,,,,
742,Mason McTavish,ANA,18,F,9,2,1,3,2,3.0,13:04,10:44,1:59,0:20,2,0,0,1,0,0.0,1.0,0.0,0.0,0.0,2.0,1.0,0.0,1,0,33.3%,1.019,0.51,1.529,1.241,0.0,1.241,0.0,3.358,3.358,0.222,0.111,0.333,12.0,16.7%,8.0,6.0,0.0,3.0,0.00%,,,,,,,,,,,,,,,,,,,,,,,
743,Jack McBain,ARI,21,F,10,2,1,3,6,-6.0,14:10,11:37,0:34,1:58,2,0,0,0,0,1.0,0.0,0.0,0.0,0.0,3.0,0.0,0.0,0,0,0.0%,0.847,0.423,1.27,1.032,0.516,1.549,0.0,0.0,0.0,0.2,0.1,0.3,13.0,15.4%,33.0,9.0,35.0,68.0,33.98%,,,,,,,,,,,,,,,,,,,,,,,
744,Sheldon Dries,VAN,27,F,11,2,1,3,0,-3.0,10:18,9:22,0:55,0:00,1,1,0,1,0,1.0,0.0,0.0,0.0,0.0,2.0,1.0,0.0,1,0,33.3%,1.059,0.53,1.589,0.582,0.582,1.163,5.931,0.0,5.931,0.182,0.091,0.273,17.0,11.8%,9.0,6.0,7.0,14.0,33.33%,,,,,,,,,,,,,,,,,,,,,,,
746,Adam Brooks,WPG,25,F,25,2,1,3,2,2.0,8:56,8:36,0:14,0:06,2,0,0,2,0,1.0,0.0,0.0,0.0,0.0,3.0,0.0,0.0,2,0,0.0%,0.536,0.268,0.805,0.558,0.279,0.837,0.0,0.0,0.0,0.08,0.04,0.12,14.0,14.3%,11.0,6.0,23.0,34.0,40.35%,,,,,,,,,,,,,,,,,,,,,,,
749,Hayden Hodgson,PHI,25,F,6,1,2,3,11,-1.0,13:12,12:39,0:32,0:00,1,0,0,0,0,2.0,0.0,0.0,0.0,0.0,3.0,0.0,0.0,0,0,0.0%,0.758,1.515,2.273,0.79,1.581,2.371,0.0,0.0,0.0,0.167,0.333,0.5,10.0,10.0%,12.0,2.0,1.0,1.0,50.00%,,,,,,,,,,,,,,,,,,,,,,,
751,Nick Blankenburg,CBJ,23,D,7,1,2,3,4,-3.0,17:34,16:19,0:37,0:37,0,1,0,1,0,2.0,0.0,0.0,0.0,0.0,2.0,1.0,0.0,1,0,33.3%,0.488,0.976,1.463,0.0,1.051,1.051,13.585,0.0,13.585,0.143,0.286,0.429,13.0,7.7%,19.0,12.0,0.0,0.0,0.00%,,,,,,,,,,,,,,,,,,,,,,,
753,Carson Meyer,CBJ,24,F,13,1,2,3,6,0.0,8:13,8:07,0:00,0:06,1,0,0,0,0,2.0,0.0,0.0,0.0,0.0,3.0,0.0,0.0,0,0,0.0%,0.561,1.122,1.683,0.568,1.137,1.705,0.0,0.0,0.0,0.077,0.154,0.231,13.0,7.7%,27.0,2.0,0.0,0.0,0.00%,,,,,,,,,,,,,,,,,,,,,,,
754,Logan Shaw,OTT,29,F,17,1,2,3,2,-3.0,9:22,8:13,0:02,1:07,1,0,0,0,0,2.0,0.0,0.0,0.0,0.0,3.0,0.0,0.0,0,0,0.0%,0.376,0.753,1.129,0.43,0.859,1.289,0.0,0.0,0.0,0.059,0.118,0.176,17.0,5.9%,11.0,5.0,58.0,57.0,50.43%,,,,,,,,,,,,,,,,,,,,,,,
755,Benoit-Olivier Groulx,ANA,21,F,18,1,2,3,2,0.0,10:59,9:20,0:05,1:33,1,0,0,0,0,2.0,0.0,0.0,0.0,0.0,3.0,0.0,0.0,0,0,0.0%,0.303,0.606,0.91,0.357,0.713,1.07,0.0,0.0,0.0,0.056,0.111,0.167,17.0,5.9%,19.0,6.0,38.0,45.0,45.78%,,,,,,,,,,,,,,,,,,,,,,,
762,Jonah Gadjovich,SJS,23,F,43,1,2,3,74,-9.0,8:45,8:44,0:00,0:00,1,0,0,0,0,2.0,0.0,0.0,0.0,0.0,3.0,0.0,0.0,0,0,0.0%,0.159,0.319,0.478,0.16,0.319,0.479,0.0,0.0,0.0,0.023,0.047,0.07,36.0,2.8%,104.0,14.0,1.0,2.0,33.33%,,,,,,,,,,,,,,,,,,,,,,,
763,Nick Seeler,PHI,28,D,43,1,2,3,29,-3.0,13:04,12:14,0:03,0:47,1,0,0,0,0,2.0,0.0,0.0,0.0,0.0,3.0,0.0,0.0,0,0,0.0%,0.107,0.213,0.32,0.114,0.228,0.342,0.0,0.0,0.0,0.023,0.047,0.07,32.0,3.1%,75.0,67.0,0.0,0.0,0.00%,,,,,,,,,,,,,,,,,,,,,,,
765,Kent Johnson,CBJ,19,F,9,0,3,3,2,2.0,12:26,11:05,1:21,0:00,0,0,0,0,0,1.0,2.0,0.0,0.0,0.0,1.0,2.0,0.0,0,0,66.7%,0.0,1.607,1.607,0.0,0.601,0.601,0.0,9.863,9.863,0.0,0.333,0.333,5.0,0.0%,4.0,1.0,0.0,0.0,0.00%,,,,,,,,,,,,,,,,,,,,,,,
772,Jacob Markström,CGY,31,G,63,0,3,3,10,,,,,,0,0,0,0,0,,,,,,,,,0,0,0.0%,,,,,,,,,,0.0,0.048,0.048,,,,,,,,,,,,,,,,,,,,,,,,,,,,,,
773,Jack Drury,CAR,21,F,2,2,0,2,2,3.0,15:57,14:20,0:00,1:37,2,0,0,0,0,0.0,0.0,0.0,0.0,0.0,2.0,0.0,0.0,0,0,0.0%,3.76,0.0,3.76,4.184,0.0,4.184,0.0,0.0,0.0,1.0,0.0,1.0,6.0,33.3%,4.0,2.0,12.0,3.0,80.00%,,,,,,,,,,,,,,,,,,,,,,,
774,Martin Frk,LAK,28,F,6,2,0,2,2,-4.0,14:01,10:29,3:32,0:00,0,2,0,0,0,0.0,0.0,0.0,0.0,0.0,0.0,2.0,0.0,0,0,100.0%,1.425,0.0,1.425,0.0,0.0,0.0,5.638,0.0,5.638,0.333,0.0,0.333,15.0,13.3%,11.0,0.0,0.0,0.0,0.00%,,,,,,,,,,,,,,,,,,,,,,,
775,Paul Cotter,VGK,22,F,7,2,0,2,6,1.0,8:48,8:47,0:01,0:00,2,0,0,0,0,0.0,0.0,0.0,0.0,0.0,2.0,0.0,0.0,0,0,0.0%,1.945,0.0,1.945,1.95,0.0,1.95,0.0,0.0,0.0,0.286,0.0,0.286,11.0,18.2%,17.0,1.0,0.0,1.0,0.00%,,,,,,,,,,,,,,,,,,,,,,,
776,Alexei Toropchenko,STL,22,F,28,2,0,2,15,-9.0,10:43,10:40,0:00,0:02,2,0,0,0,0,0.0,0.0,0.0,0.0,0.0,2.0,0.0,0.0,0,0,0.0%,0.4,0.0,0.4,0.402,0.0,0.402,0.0,0.0,0.0,0.071,0.0,0.071,43.0,4.7%,69.0,21.0,1.0,2.0,33.33%,,,,,,,,,,,,,,,,,,,,,,,
777,Jack Quinn,BUF,20,F,2,1,1,2,0,0.0,14:52,11:53,2:59,0:00,0,1,0,0,0,1.0,0.0,0.0,0.0,0.0,1.0,1.0,0.0,0,0,50.0%,2.017,2.017,4.034,0.0,2.523,2.523,10.056,0.0,10.056,0.5,0.5,1.0,6.0,16.7%,0.0,1.0,0.0,0.0,0.00%,,,,,,,,,,,,,,,,,,,,,,,
778,Nikita Okhotyuk,NJD,21,D,5,1,1,2,2,-2.0,15:05,14:48,0:02,0:14,1,0,0,0,0,1.0,0.0,0.0,0.0,0.0,2.0,0.0,0.0,0,0,0.0%,0.795,0.795,1.591,0.81,0.81,1.62,0.0,0.0,0.0,0.2,0.2,0.4,5.0,20.0%,16.0,1.0,0.0,0.0,0.00%,,,,,,,,,,,,,,,,,,,,,,,
779,Trey Fix-Wolansky,CBJ,22,F,6,1,1,2,0,-1.0,6:15,6:15,0:00,0:00,1,0,0,0,0,1.0,0.0,0.0,0.0,0.0,2.0,0.0,0.0,0,0,0.0%,1.599,1.599,3.199,1.599,1.599,3.199,0.0,0.0,0.0,0.167,0.167,0.333,5.0,20.0%,7.0,4.0,0.0,0.0,0.00%,,,,,,,,,,,,,,,,,,,,,,,
780,Riley Damiani,DAL,21,F,7,1,1,2,2,0.0,8:32,8:02,0:29,0:00,1,0,0,0,0,1.0,0.0,0.0,0.0,0.0,2.0,0.0,0.0,0,0,0.0%,1.004,1.004,2.008,1.065,1.065,2.131,0.0,0.0,0.0,0.143,0.143,0.286,10.0,10.0%,4.0,0.0,7.0,7.0,50.00%,,,,,,,,,,,,,,,,,,,,,,,
781,Justin Barron,MTL,20,D,7,1,1,2,0,-3.0,17:10,15:24,0:53,0:52,1,0,0,0,0,1.0,0.0,0.0,0.0,0.0,2.0,0.0,0.0,0,0,0.0%,0.499,0.499,0.998,0.556,0.556,1.113,0.0,0.0,0.0,0.143,0.143,0.286,13.0,7.7%,5.0,5.0,0.0,0.0,0.00%,,,,,,,,,,,,,,,,,,,,,,,
782,Brad Malone,EDM,32,F,8,1,1,2,2,-2.0,8:16,7:00,0:02,1:13,1,0,0,0,0,1.0,0.0,0.0,0.0,0.0,2.0,0.0,0.0,0,0,0.0%,0.906,0.906,1.812,1.069,1.069,2.138,0.0,0.0,0.0,0.125,0.125,0.25,7.0,14.3%,22.0,1.0,13.0,14.0,48.15%,,,,,,,,,,,,,,,,,,,,,,,
785,Jake Neighbours,STL,19,F,9,1,1,2,2,-2.0,9:21,8:51,0:00,0:29,1,0,0,1,0,1.0,0.0,0.0,1.0,0.0,2.0,0.0,0.0,2,0,0.0%,0.713,0.713,1.426,0.753,0.753,1.506,0.0,0.0,0.0,0.111,0.111,0.222,8.0,12.5%,10.0,1.0,1.0,2.0,33.33%,,,,,,,,,,,,,,,,,,,,,,,
786,Greg Pateryn,ANA,31,D,10,1,1,2,10,0.0,14:07,11:32,0:03,2:31,1,0,0,0,0,1.0,0.0,0.0,1.0,0.0,2.0,0.0,0.0,1,0,0.0%,0.425,0.425,0.85,0.52,0.52,1.04,0.0,0.0,0.0,0.1,0.1,0.2,16.0,6.3%,18.0,7.0,0.0,0.0,0.00%,,,,,,,,,,,,,,,,,,,,,,,
792,Alex Vlasic,CHI,20,D,15,1,1,2,2,-2.0,14:18,13:56,0:00,0:21,1,0,0,0,0,1.0,0.0,0.0,0.0,0.0,2.0,0.0,0.0,0,0,0.0%,0.28,0.28,0.559,0.287,0.287,0.574,0.0,0.0,0.0,0.067,0.067,0.133,12.0,8.3%,15.0,16.0,0.0,0.0,0.00%,,,,,,,,,,,,,,,,,,,,,,,
794,Jonny Brodzinski,NYR,28,F,22,1,1,2,10,1.0,10:51,9:56,0:02,0:52,1,0,0,0,0,1.0,0.0,0.0,0.0,0.0,2.0,0.0,0.0,0,0,0.0%,0.251,0.251,0.502,0.274,0.274,0.548,0.0,0.0,0.0,0.045,0.045,0.091,34.0,2.9%,8.0,8.0,49.0,48.0,50.52%,,,,,,,,,,,,,,,,,,,,,,,
795,Tyler Benson,EDM,23,F,29,1,1,2,18,-5.0,8:32,8:23,0:09,0:00,1,0,0,0,0,1.0,0.0,0.0,0.0,0.0,2.0,0.0,0.0,0,0,0.0%,0.242,0.242,0.485,0.247,0.247,0.493,0.0,0.0,0.0,0.034,0.034,0.069,18.0,5.6%,45.0,3.0,0.0,1.0,0.00%,,,,,,,,,,,,,,,,,,,,,,,
798,Andrew Poturalski,CAR,27,F,2,0,2,2,0,-1.0,10:08,8:40,1:28,0:00,0,0,0,0,0,0.0,2.0,0.0,1.0,0.0,0.0,2.0,0.0,1,0,100.0%,0.0,5.916,5.916,0.0,0.0,0.0,0.0,40.909,40.909,0.0,1.0,1.0,4.0,0.0%,0.0,1.0,3.0,4.0,42.86%,,,,,,,,,,,,,,,,,,,,,,,
799,Carl Dahlström,TOR,26,D,3,0,2,2,2,2.0,13:39,12:48,0:00,0:50,0,0,0,0,0,2.0,0.0,0.0,0.0,0.0,2.0,0.0,0.0,0,0,0.0%,0.0,2.93,2.93,0.0,3.122,3.122,0.0,0.0,0.0,0.0,0.667,0.667,4.0,0.0%,1.0,2.0,0.0,0.0,0.00%,,,,,,,,,,,,,,,,,,,,,,,
801,Linus Högberg,PHI,23,D,5,0,2,2,2,0.0,17:03,16:12,0:00,0:51,0,0,0,0,0,2.0,0.0,0.0,0.0,0.0,2.0,0.0,0.0,0,0,0.0%,0.0,1.407,1.407,0.0,1.481,1.481,0.0,0.0,0.0,0.0,0.4,0.4,3.0,0.0%,0.0,8.0,0.0,0.0,0.00%,,,,,,,,,,,,,,,,,,,,,,,
802,Kyle Criscuolo,DET,29,F,6,0,2,2,2,1.0,9:33,9:33,0:00,0:00,0,0,0,0,0,2.0,0.0,0.0,1.0,0.0,2.0,0.0,0.0,1,0,0.0%,0.0,2.093,2.093,0.0,2.093,2.093,0.0,0.0,0.0,0.0,0.333,0.333,5.0,0.0%,6.0,1.0,4.0,9.0,30.77%,,,,,,,,,,,,,,,,,,,,,,,
808,Austin Strand,LAK,24,D,8,0,2,2,0,-1.0,15:17,14:14,0:01,1:01,0,0,0,0,0,2.0,0.0,0.0,0.0,0.0,2.0,0.0,0.0,0,0,0.0%,0.0,0.981,0.981,0.0,1.054,1.054,0.0,0.0,0.0,0.0,0.25,0.25,9.0,0.0%,7.0,5.0,0.0,0.0,0.00%,,,,,,,,,,,,,,,,,,,,,,,
809,Juuso Välimäki,CGY,23,D,9,0,2,2,10,0.0,15:42,14:48,0:06,0:47,0,0,0,0,0,2.0,0.0,0.0,1.0,0.0,2.0,0.0,0.0,1,0,0.0%,0.0,0.849,0.849,0.0,0.901,0.901,0.0,0.0,0.0,0.0,0.222,0.222,11.0,0.0%,8.0,9.0,0.0,0.0,0.00%,,,,,,,,,,,,,,,,,,,,,,,
810,Alexander Holtz,NJD,19,F,9,0,2,2,2,-5.0,12:16,10:02,2:14,0:00,0,0,0,0,0,1.0,1.0,0.0,0.0,0.0,1.0,1.0,0.0,0,0,50.0%,0.0,1.087,1.087,0.0,0.664,0.664,0.0,2.985,2.985,0.0,0.222,0.222,12.0,0.0%,5.0,2.0,0.0,0.0,0.00%,,,,,,,,,,,,,,,,,,,,,,,
811,Santeri Hatakka,SJS,20,D,9,0,2,2,2,-5.0,12:37,12:21,0:01,0:14,0,0,0,0,0,2.0,0.0,0.0,1.0,0.0,2.0,0.0,0.0,1,0,0.0%,0.0,1.056,1.056,0.0,1.078,1.078,0.0,0.0,0.0,0.0,0.222,0.222,3.0,0.0%,5.0,7.0,0.0,0.0,0.00%,,,,,,,,,,,,,,,,,,,,,,,
813,MacKenzie MacEachern,STL,27,F,14,0,2,2,4,-1.0,7:58,7:57,0:00,0:00,0,0,0,0,0,2.0,0.0,0.0,1.0,0.0,2.0,0.0,0.0,1,0,0.0%,0.0,1.076,1.076,0.0,1.076,1.076,0.0,0.0,0.0,0.0,0.143,0.143,14.0,0.0%,19.0,1.0,0.0,0.0,0.00%,,,,,,,,,,,,,,,,,,,,,,,
814,Nic Petan,VAN,26,F,18,0,2,2,4,-2.0,10:17,9:23,0:53,0:00,0,0,0,0,0,1.0,1.0,0.0,1.0,0.0,1.0,1.0,0.0,1,0,50.0%,0.0,0.647,0.647,0.0,0.355,0.355,0.0,3.734,3.734,0.0,0.111,0.111,21.0,0.0%,6.0,3.0,14.0,32.0,30.43%,,,,,,,,,,,,,,,,,,,,,,,
815,Jacob Moverare,LAK,23,D,19,0,2,2,2,3.0,16:20,14:59,0:04,1:16,0,0,0,0,0,2.0,0.0,0.0,0.0,0.0,2.0,0.0,0.0,0,0,0.0%,0.0,0.386,0.386,0.0,0.421,0.421,0.0,0.0,0.0,0.0,0.105,0.105,15.0,0.0%,16.0,21.0,0.0,0.0,0.00%,,,,,,,,,,,,,,,,,,,,,,,
818,Lane Pederson,SJS,24,F,29,0,2,2,10,-16.0,10:31,9:51,0:35,0:04,0,0,0,0,0,2.0,0.0,0.0,0.0,0.0,2.0,0.0,0.0,0,0,0.0%,0.0,0.393,0.393,0.0,0.42,0.42,0.0,0.0,0.0,0.0,0.069,0.069,24.0,0.0%,54.0,10.0,42.0,54.0,43.75%,,,,,,,,,,,,,,,,,,,,,,,
823,Alexander Nedeljkovic,DET,25,G,59,0,2,2,2,,,,,,0,0,0,0,0,,,,,,,,,0,0,0.0%,,,,,,,,,,0.0,0.034,0.034,,,,,,,,,,,,,,,,,,,,,,,,,,,,,,
826,Garrett Pilon,WSH,23,F,2,1,0,1,0,1.0,9:24,9:24,0:00,0:00,1,0,0,0,0,0.0,0.0,0.0,0.0,0.0,1.0,0.0,0.0,0,0,0.0%,3.189,0.0,3.189,3.189,0.0,3.189,0.0,0.0,0.0,0.5,0.0,0.5,1.0,100.0%,2.0,0.0,8.0,10.0,44.44%,,,,,,,,,,,,,,,,,,,,,,,
827,Bokondji Imama,ARI,25,F,4,1,0,1,5,-2.0,4:31,4:31,0:00,0:00,1,0,0,0,0,0.0,0.0,0.0,0.0,0.0,1.0,0.0,0.0,0,0,0.0%,3.318,0.0,3.318,3.318,0.0,3.318,0.0,0.0,0.0,0.25,0.0,0.25,3.0,33.3%,10.0,0.0,0.0,0.0,0.00%,,,,,,,,,,,,,,,,,,,,,,,
828,Ethan Prow,BUF,29,D,4,1,0,1,0,-1.0,12:44,11:41,0:00,1:02,1,0,0,0,0,0.0,0.0,0.0,0.0,0.0,1.0,0.0,0.0,0,0,0.0%,1.178,0.0,1.178,1.283,0.0,1.283,0.0,0.0,0.0,0.25,0.0,0.25,2.0,50.0%,2.0,3.0,0.0,0.0,0.00%,,,,,,,,,,,,,,,,,,,,,,,
829,Rafael Harvey-Pinard,MTL,22,F,4,1,0,1,0,-2.0,13:05,10:59,1:52,0:14,1,0,0,0,0,0.0,0.0,0.0,0.0,0.0,1.0,0.0,0.0,0,0,0.0%,1.146,0.0,1.146,1.365,0.0,1.365,0.0,0.0,0.0,0.25,0.0,0.25,6.0,16.7%,12.0,3.0,0.0,1.0,0.00%,,,,,,,,,,,,,,,,,,,,,,,
830,Ben Meyers,COL,23,F,5,1,0,1,0,-2.0,9:56,9:44,0:12,0:00,1,0,0,0,0,0.0,0.0,0.0,0.0,0.0,1.0,0.0,0.0,0,0,0.0%,1.206,0.0,1.206,1.232,0.0,1.232,0.0,0.0,0.0,0.2,0.0,0.2,8.0,12.5%,1.0,1.0,11.0,13.0,45.83%,,,,,,,,,,,,,,,,,,,,,,,
832,Andy Andreoff,NYI,30,F,6,1,0,1,0,-1.0,9:59,9:57,0:00,0:02,1,0,0,0,0,0.0,0.0,0.0,0.0,0.0,1.0,0.0,0.0,0,0,0.0%,1.001,0.0,1.001,1.005,0.0,1.005,0.0,0.0,0.0,0.167,0.0,0.167,6.0,16.7%,11.0,1.0,9.0,8.0,52.94%,,,,,,,,,,,,,,,,,,,,,,,
833,Lukas Vejdemo,MTL,25,F,6,1,0,1,0,-3.0,10:38,8:19,0:10,2:08,1,0,0,0,0,0.0,0.0,0.0,0.0,0.0,1.0,0.0,0.0,0,0,0.0%,0.94,0.0,0.94,1.201,0.0,1.201,0.0,0.0,0.0,0.167,0.0,0.167,10.0,10.0%,7.0,4.0,13.0,18.0,41.94%,,,,,,,,,,,,,,,,,,,,,,,
834,Kasper Björkqvist,PIT,24,F,6,1,0,1,2,-1.0,8:22,7:20,0:00,1:01,1,0,0,0,0,0.0,0.0,0.0,0.0,0.0,1.0,0.0,0.0,0,0,0.0%,1.195,0.0,1.195,1.362,0.0,1.362,0.0,0.0,0.0,0.167,0.0,0.167,8.0,12.5%,9.0,2.0,0.0,0.0,0.00%,,,,,,,,,,,,,,,,,,,,,,,
836,Hendrix Lapierre,WSH,19,F,6,1,0,1,2,2.0,9:35,8:38,0:57,0:00,1,0,0,0,0,0.0,0.0,0.0,0.0,0.0,1.0,0.0,0.0,0,0,0.0%,1.043,0.0,1.043,1.158,0.0,1.158,0.0,0.0,0.0,0.167,0.0,0.167,7.0,14.3%,1.0,2.0,6.0,17.0,26.09%,,,,,,,,,,,,,,,,,,,,,,,
838,Jesper Frödén,BOS,27,F,7,1,0,1,2,4.0,12:52,11:20,0:56,0:35,1,0,0,0,0,0.0,0.0,0.0,0.0,0.0,1.0,0.0,0.0,0,0,0.0%,0.666,0.0,0.666,0.756,0.0,0.756,0.0,0.0,0.0,0.143,0.0,0.143,10.0,10.0%,8.0,5.0,0.0,0.0,0.00%,,,,,,,,,,,,,,,,,,,,,,,
839,Jacob Christiansen,CBJ,22,D,8,1,0,1,0,1.0,9:46,9:36,0:02,0:07,1,0,0,0,0,0.0,0.0,0.0,0.0,0.0,1.0,0.0,0.0,0,0,0.0%,0.768,0.0,0.768,0.781,0.0,0.781,0.0,0.0,0.0,0.125,0.0,0.125,4.0,25.0%,9.0,6.0,0.0,0.0,0.00%,,,,,,,,,,,,,,,,,,,,,,,
840,Nick Abruzzese,TOR,22,F,9,1,0,1,2,-1.0,10:12,9:10,1:01,0:00,1,0,0,1,0,0.0,0.0,0.0,0.0,0.0,1.0,0.0,0.0,1,0,0.0%,0.653,0.0,0.653,0.726,0.0,0.726,0.0,0.0,0.0,0.111,0.0,0.111,8.0,12.5%,7.0,3.0,2.0,5.0,28.57%,,,,,,,,,,,,,,,,,,,,,,,
841,Riley Tufte,DAL,23,F,10,1,0,1,4,0.0,7:11,7:06,0:05,0:00,1,0,0,0,0,0.0,0.0,0.0,0.0,0.0,1.0,0.0,0.0,0,0,0.0%,0.834,0.0,0.834,0.843,0.0,0.843,0.0,0.0,0.0,0.1,0.0,0.1,5.0,20.0%,9.0,4.0,1.0,1.0,50.00%,,,,,,,,,,,,,,,,,,,,,,,
842,Gabriel Fortier,TBL,21,F,10,1,0,1,4,-2.0,9:16,9:16,0:00,0:00,1,0,0,0,0,0.0,0.0,0.0,0.0,0.0,1.0,0.0,0.0,0,0,0.0%,0.646,0.0,0.646,0.647,0.0,0.647,0.0,0.0,0.0,0.1,0.0,0.1,14.0,7.1%,24.0,5.0,1.0,0.0,100.00%,,,,,,,,,,,,,,,,,,,,,,,
843,Jordan Harris,MTL,21,D,10,1,0,1,8,3.0,16:16,15:34,0:27,0:15,1,0,0,0,0,0.0,0.0,0.0,0.0,0.0,1.0,0.0,0.0,0,0,0.0%,0.369,0.0,0.369,0.385,0.0,0.385,0.0,0.0,0.0,0.1,0.0,0.1,9.0,11.1%,10.0,11.0,0.0,0.0,0.00%,,,,,,,,,,,,,,,,,,,,,,,
844,Nick Robertson,TOR,20,F,10,1,0,1,4,-4.0,10:16,9:47,0:28,0:00,1,0,0,0,0,0.0,0.0,0.0,0.0,0.0,1.0,0.0,0.0,0,0,0.0%,0.584,0.0,0.584,0.613,0.0,0.613,0.0,0.0,0.0,0.1,0.0,0.1,14.0,7.1%,10.0,2.0,0.0,0.0,0.00%,,,,,,,,,,,,,,,,,,,,,,,
846,Beck Malenstyn,WSH,23,F,12,1,0,1,9,2.0,9:02,8:18,0:00,0:44,1,0,0,0,0,0.0,0.0,0.0,0.0,0.0,1.0,0.0,0.0,0,0,0.0%,0.553,0.0,0.553,0.602,0.0,0.602,0.0,0.0,0.0,0.083,0.0,0.083,10.0,10.0%,34.0,7.0,1.0,6.0,14.29%,,,,,,,,,,,,,,,,,,,,,,,
851,Lucas Johansen,WSH,24,D,1,0,1,1,0,1.0,12:18,12:18,0:00,0:00,0,0,0,0,0,1.0,0.0,0.0,0.0,0.0,1.0,0.0,0.0,0,0,0.0%,0.0,4.878,4.878,0.0,4.878,4.878,0.0,0.0,0.0,0.0,1.0,1.0,0.0,0.00%,0.0,0.0,0.0,0.0,0.00%,,,,,,,,,,,,,,,,,,,,,,,
852,Cooper Marody,EDM,25,F,1,0,1,1,0,0.0,6:04,5:53,0:11,0:00,0,0,0,0,0,1.0,0.0,0.0,0.0,0.0,1.0,0.0,0.0,0,0,0.0%,0.0,9.89,9.89,0.0,10.198,10.198,0.0,0.0,0.0,0.0,1.0,1.0,1.0,0.0%,0.0,0.0,0.0,0.0,0.00%,,,,,,,,,,,,,,,,,,,,,,,
853,Reilly Walsh,NJD,22,D,1,0,1,1,0,0.0,14:23,13:24,0:59,0:00,0,0,0,0,0,1.0,0.0,0.0,0.0,0.0,1.0,0.0,0.0,0,0,0.0%,0.0,4.171,4.171,0.0,4.478,4.478,0.0,0.0,0.0,0.0,1.0,1.0,2.0,0.0%,0.0,2.0,0.0,0.0,0.00%,,,,,,,,,,,,,,,,,,,,,,,
854,Valtteri Puustinen,PIT,22,F,1,0,1,1,0,2.0,10:14,9:08,1:06,0:00,0,0,0,0,0,1.0,0.0,0.0,0.0,0.0,1.0,0.0,0.0,0,0,0.0%,0.0,5.863,5.863,0.0,6.569,6.569,0.0,0.0,0.0,0.0,1.0,1.0,1.0,0.0%,1.0,0.0,0.0,0.0,0.00%,,,,,,,,,,,,,,,,,,,,,,,
855,Justus Annunen,COL,21,G,2,0,1,1,0,,,,,,0,0,0,0,0,,,,,,,,,0,0,0.0%,,,,,,,,,,0.0,0.5,0.5,,,,,,,,,,,,,,,,,,,,,,,,,,,,,,
856,Joel Hofer,STL,21,G,2,0,1,1,0,,,,,,0,0,0,0,0,,,,,,,,,0,0,0.0%,,,,,,,,,,0.0,0.5,0.5,,,,,,,,,,,,,,,,,,,,,,,,,,,,,,
857,Gemel Smith,DET,27,F,3,0,1,1,5,-2.0,6:46,6:42,0:03,0:00,0,0,0,0,0,1.0,0.0,0.0,0.0,0.0,1.0,0.0,0.0,0,0,0.0%,0.0,2.956,2.956,0.0,2.983,2.983,0.0,0.0,0.0,0.0,0.333,0.333,1.0,0.0%,0.0,1.0,6.0,4.0,60.00%,,,,,,,,,,,,,,,,,,,,,,,
858,Jayden Halbgewachs,SJS,24,F,3,0,1,1,4,1.0,13:05,12:21,0:44,0:00,0,0,0,0,0,1.0,0.0,0.0,0.0,0.0,1.0,0.0,0.0,0,0,0.0%,0.0,1.527,1.527,0.0,1.619,1.619,0.0,0.0,0.0,0.0,0.333,0.333,7.0,0.0%,3.0,0.0,0.0,0.0,0.00%,,,,,,,,,,,,,,,,,,,,,,,
859,Fredrik Karlström,DAL,23,F,3,0,1,1,0,2.0,6:12,6:01,0:10,0:00,0,0,0,0,0,1.0,0.0,0.0,0.0,0.0,1.0,0.0,0.0,0,0,0.0%,0.0,3.226,3.226,0.0,3.321,3.321,0.0,0.0,0.0,0.0,0.333,0.333,1.0,0.0%,0.0,0.0,0.0,0.0,0.00%,,,,,,,,,,,,,,,,,,,,,,,
860,Adam Beckman,MIN,20,F,3,0,1,1,2,-1.0,10:24,9:37,0:46,0:01,0,0,0,0,0,1.0,0.0,0.0,0.0,0.0,1.0,0.0,0.0,0,0,0.0%,0.0,1.921,1.921,0.0,2.079,2.079,0.0,0.0,0.0,0.0,0.333,0.333,4.0,0.0%,1.0,1.0,0.0,0.0,0.00%,,,,,,,,,,,,,,,,,,,,,,,
861,Alexander Steeves,TOR,22,F,3,0,1,1,0,-1.0,7:58,7:58,0:00,0:00,0,0,0,0,0,1.0,0.0,0.0,0.0,0.0,1.0,0.0,0.0,0,0,0.0%,0.0,2.509,2.509,0.0,2.509,2.509,0.0,0.0,0.0,0.0,0.333,0.333,2.0,0.0%,1.0,1.0,0.0,0.0,0.00%,,,,,,,,,,,,,,,,,,,,,,,
865,Danny O'Regan,ANA,27,F,5,0,1,1,0,-1.0,10:03,10:03,0:00,0:00,0,0,0,0,0,1.0,0.0,0.0,0.0,0.0,1.0,0.0,0.0,0,0,0.0%,0.0,1.193,1.193,0.0,1.193,1.193,0.0,0.0,0.0,0.0,0.2,0.2,2.0,0.0%,3.0,4.0,11.0,17.0,39.29%,,,,,,,,,,,,,,,,,,,,,,,
866,Matthew Peca,STL,28,F,5,0,1,1,0,-1.0,9:38,9:29,0:00,0:08,0,0,0,0,0,1.0,0.0,0.0,1.0,0.0,1.0,0.0,0.0,1,0,0.0%,0.0,1.246,1.246,0.0,1.264,1.264,0.0,0.0,0.0,0.0,0.2,0.2,3.0,0.0%,3.0,1.0,5.0,7.0,41.67%,,,,,,,,,,,,,,,,,,,,,,,
869,Jean-Francois Berube,CBJ,30,G,6,0,1,1,0,,,,,,0,0,0,0,0,,,,,,,,,0,0,0.0%,,,,,,,,,,0.0,0.167,0.167,,,,,,,,,,,,,,,,,,,,,,,,,,,,,,
872,Mattias Norlinder,MTL,21,D,6,0,1,1,2,2.0,12:17,11:58,0:18,0:00,0,0,0,0,0,1.0,0.0,0.0,0.0,0.0,1.0,0.0,0.0,0,0,0.0%,0.0,0.814,0.814,0.0,0.835,0.835,0.0,0.0,0.0,0.0,0.167,0.167,2.0,0.0%,4.0,3.0,0.0,0.0,0.00%,,,,,,,,,,,,,,,,,,,,,,,
880,Petteri Lindbohm,FLA,28,D,9,0,1,1,5,0.0,14:03,13:44,0:00,0:18,0,0,0,0,0,1.0,0.0,0.0,1.0,0.0,1.0,0.0,0.0,1,0,0.0%,0.0,0.474,0.474,0.0,0.485,0.485,0.0,0.0,0.0,0.0,0.111,0.111,9.0,0.0%,25.0,8.0,0.0,0.0,0.00%,,,,,,,,,,,,,,,,,,,,,,,
881,Clark Bishop,OTT,25,F,9,0,1,1,6,-3.0,8:20,8:05,0:00,0:15,0,0,0,0,0,1.0,0.0,0.0,0.0,0.0,1.0,0.0,0.0,0,0,0.0%,0.0,0.799,0.799,0.0,0.825,0.825,0.0,0.0,0.0,0.0,0.111,0.111,8.0,0.0%,12.0,3.0,3.0,3.0,50.00%,,,,,,,,,,,,,,,,,,,,,,,
883,Daniil Miromanov,VGK,24,F,11,0,1,1,2,0.0,9:47,9:31,0:00,0:15,0,0,0,0,0,1.0,0.0,0.0,0.0,0.0,1.0,0.0,0.0,0,0,0.0%,0.0,0.558,0.558,0.0,0.572,0.572,0.0,0.0,0.0,0.0,0.091,0.091,15.0,0.0%,5.0,6.0,0.0,0.0,0.00%,,,,,,,,,,,,,,,,,,,,,,,
884,Lukas Reichel,CHI,19,F,11,0,1,1,0,-8.0,13:11,11:40,1:31,0:00,0,0,0,0,0,1.0,0.0,0.0,0.0,0.0,1.0,0.0,0.0,0,0,0.0%,0.0,0.413,0.413,0.0,0.467,0.467,0.0,0.0,0.0,0.0,0.091,0.091,15.0,0.0%,0.0,3.0,16.0,30.0,34.78%,,,,,,,,,,,,,,,,,,,,,,,
885,Dmitri Jaskin,ARI,28,F,12,0,1,1,4,-6.0,14:47,13:23,1:23,0:00,0,0,0,0,0,1.0,0.0,0.0,0.0,0.0,1.0,0.0,0.0,0,0,0.0%,0.0,0.338,0.338,0.0,0.373,0.373,0.0,0.0,0.0,0.0,0.083,0.083,23.0,0.0%,47.0,9.0,5.0,5.0,50.00%,,,,,,,,,,,,,,,,,,,,,,,
886,Josiah Slavin,CHI,23,F,15,0,1,1,4,0.0,12:01,10:58,0:01,1:02,0,0,0,0,0,1.0,0.0,0.0,0.0,0.0,1.0,0.0,0.0,0,0,0.0%,0.0,0.333,0.333,0.0,0.365,0.365,0.0,0.0,0.0,0.0,0.067,0.067,13.0,0.0%,12.0,4.0,29.0,38.0,43.28%,,,,,,,,,,,,,,,,,,,,,,,
890,Jon Gillies,NJD,27,G,20,0,1,1,0,,,,,,0,0,0,0,0,,,,,,,,,0,0,0.0%,,,,,,,,,,0.0,0.05,0.05,,,,,,,,,,,,,,,,,,,,,,,,,,,,,,
891,Markus Niemeläinen,EDM,23,D,20,0,1,1,4,-5.0,13:11,11:46,0:00,1:25,0,0,0,0,0,1.0,0.0,0.0,0.0,0.0,1.0,0.0,0.0,0,0,0.0%,0.0,0.227,0.227,0.0,0.255,0.255,0.0,0.0,0.0,0.0,0.05,0.05,12.0,0.0%,82.0,19.0,0.0,0.0,0.00%,,,,,,,,,,,,,,,,,,,,,,,
892,Daniel Vladar,CGY,24,G,23,0,1,1,0,,,,,,0,0,0,0,0,,,,,,,,,0,0,0.0%,,,,,,,,,,0.0,0.043,0.043,,,,,,,,,,,,,,,,,,,,,,,,,,,,,,
899,Kaapo Kähkönen,SJS,25,G,36,0,1,1,2,,,,,,0,0,0,0,0,,,,,,,,,0,0,0.0%,,,,,,,,,,0.0,0.028,0.028,,,,,,,,,,,,,,,,,,,,,,,,,,,,,,
